language,child,subcorpus,window,n_episodes,truncation,mode,n_cues,outcome_mean,outcome_var,beta,se,p
English,Adam,Brown,3,6707,0.00462203667809751,LPM,90,0.49470702251379156,0.25000926025935577,0.00262064878115679,0.0206708598265587,0.8991146339505159
English,Adam,Brown,3,6707,0.00462203667809751,Logit,90,0.49470702251379156,0.25000926025935577,-0.24263108494961766,0.08491134239921982,0.004270413762396529
English,Adam,Brown,3,6707,0.00462203667809751,Continuous,90,0.2659659062670841,0.10102562146394767,-0.0349522542213032,0.02370865727016874,0.1404169457519642
English,Adam,Brown,5,6707,0.007156701953183241,LPM,90,0.5822275234829283,0.2432749061734514,0.04000067986958835,0.017197521794884006,0.020020895403512387
English,Adam,Brown,5,6707,0.007156701953183241,Logit,90,0.5822275234829283,0.2432749061734514,-0.19230253413787035,0.09475609404129322,0.04241271404228867
English,Adam,Brown,5,6707,0.007156701953183241,Continuous,90,0.25522339843944136,0.07991397525386958,-0.037952073408138866,0.025214916284170167,0.1322871256009442
English,Adam,Brown,7,6707,0.008647681526763084,LPM,90,0.6353063963023706,0.23172672910164013,0.06821241026463722,0.022024272978482373,0.0019539297598664845
English,Adam,Brown,7,6707,0.008647681526763084,Logit,90,0.6353063963023706,0.23172672910164013,0.011566310566483353,0.10358724122411889,0.9110948394589863
English,Adam,Brown,7,6707,0.008647681526763084,Continuous,90,0.24874189723600784,0.07041368624029608,-0.04226106400761847,0.027309427046269815,0.12174514502929366
English,Adam,Brown,10,6707,0.011182346801848814,LPM,90,0.6851051140599373,0.21576826735678312,0.06564324886213183,0.031648706294627967,0.03806806734174407
English,Adam,Brown,10,6707,0.011182346801848814,Logit,90,0.6851051140599373,0.21576826735678312,0.08479435319419341,0.11577790502540587,0.46393175525749775
English,Adam,Brown,10,6707,0.011182346801848814,Continuous,90,0.24250380436454685,0.06292580752146885,-0.04301985081403243,0.026933506472013587,0.11020744658698613
English,Adam,Brown,15,6707,0.01669897122409423,LPM,90,0.7417623378559713,0.19157953611192102,0.035556289559791676,0.0467419790785877,0.44684054285747454
English,Adam,Brown,15,6707,0.01669897122409423,Logit,90,0.7417623378559713,0.19157953611192102,-0.028228693513538256,0.1444094198318028,0.8450196861405804
English,Adam,Brown,15,6707,0.01669897122409423,Continuous,90,0.23539977326319955,0.05641090403967903,-0.04786664388001087,0.027828524097666816,0.08542210575367268
English,Adam,Brown,20,6707,0.02340837930520352,LPM,90,0.7756075741762338,0.17406641800406078,0.02260437999462131,0.05112901556249846,0.6584134164856639
English,Adam,Brown,20,6707,0.02340837930520352,Logit,90,0.7756075741762338,0.17406641800406078,-0.03908740994245461,0.18405273142138998,0.8318178316958879
English,Adam,Brown,20,6707,0.02340837930520352,Continuous,90,0.23250023215357943,0.05365147896381319,-0.046462567321011256,0.028154128084560064,0.09888297377077296
English,Eve,Brown,3,1570,0.006369426751592357,LPM,64,0.478343949044586,0.2496900537077858,-0.07855091275992011,0.023994560931887003,0.0010615051571592705
English,Eve,Brown,3,1570,0.006369426751592357,Logit,64,0.478343949044586,0.2496900537077858,-0.44384599894808663,0.16435032076625758,0.006921259826231901
English,Eve,Brown,3,1570,0.006369426751592357,Continuous,64,0.24957537154989384,0.0943008605785213,-0.03966839712951692,0.013789656188337593,0.004018857799052201
English,Eve,Brown,5,1570,0.007643312101910828,LPM,64,0.5929936305732484,0.24150601015698264,-0.05243264626711596,0.03256706169320958,0.10740002190185317
English,Eve,Brown,5,1570,0.007643312101910828,Logit,64,0.5929936305732484,0.24150601015698264,-0.6147015268919662,0.1948718688074205,0.0016083497914671215
English,Eve,Brown,5,1570,0.007643312101910828,Continuous,64,0.24350318471337576,0.07024775811604617,-0.05298750333164079,0.01285515999883076,3.7578325077782664e-05
English,Eve,Brown,7,1570,0.012101910828025478,LPM,64,0.6343949044585987,0.23208583502819355,-0.0173281816161776,0.032300510302433943,0.5916353288531806
English,Eve,Brown,7,1570,0.012101910828025478,Logit,64,0.6343949044585987,0.23208583502819355,-0.5299150423610398,0.213994794345792,0.013275244243299124
English,Eve,Brown,7,1570,0.012101910828025478,Continuous,64,0.23567788898999087,0.06129141007647107,-0.05888502586515825,0.014973798738354728,8.405384329888023e-05
English,Eve,Brown,10,1570,0.021019108280254776,LPM,64,0.678343949044586,0.2183325011265239,0.027682976716625732,0.03249632731959337,0.3942806061445272
English,Eve,Brown,10,1570,0.021019108280254776,Logit,64,0.678343949044586,0.2183325011265239,-0.23644401317013056,0.23763935659599392,0.31975089114263544
English,Eve,Brown,10,1570,0.021019108280254776,Continuous,64,0.22953215043979378,0.05275797491770284,-0.05412709966466944,0.015494967554587942,0.00047725979873734775
English,Eve,Brown,15,1570,0.03248407643312102,LPM,64,0.721656050955414,0.20099661839867172,0.016225120591544205,0.04156196535004993,0.6962527185481641
English,Eve,Brown,15,1570,0.03248407643312102,Logit,64,0.721656050955414,0.20099661839867172,-0.3894333511512189,0.2635787985158429,0.13954605221024075
English,Eve,Brown,15,1570,0.03248407643312102,Continuous,64,0.22035581721887454,0.04635148103786536,-0.047057958189590805,0.016027530196727126,0.0033239879638661944
English,Eve,Brown,20,1570,0.040127388535031845,LPM,64,0.7560509554140128,0.18455545947964744,0.02621706987529037,0.04792126665758954,0.5843194237432978
English,Eve,Brown,20,1570,0.040127388535031845,Logit,64,0.7560509554140128,0.18455545947964744,-0.515441632801526,0.2858601996512876,0.07136860753653272
English,Eve,Brown,20,1570,0.040127388535031845,Continuous,64,0.2176464116329727,0.04329357461798799,-0.045185519858985765,0.016249442999616972,0.005423470481228694
English,Sarah,Brown,3,6682,0.010176593834181383,LPM,89,0.4458246034121521,0.2471020066509802,0.04896718857917917,0.014132083569146784,0.0005302985874581871
English,Sarah,Brown,3,6682,0.010176593834181383,Logit,89,0.4458246034121521,0.2471020066509802,0.12811957334408802,0.0850544024436554,0.13198376166735148
English,Sarah,Brown,3,6682,0.010176593834181383,Continuous,89,0.22463334331038612,0.08562304653694547,0.0024480431075026396,0.0201767111145567,0.9034295511054942
English,Sarah,Brown,5,6682,0.015863513917988625,LPM,89,0.5296318467524693,0.24915924178162113,0.056982384133801335,0.01762933416170063,0.0012282031353625484
English,Sarah,Brown,5,6682,0.015863513917988625,Logit,89,0.5296318467524693,0.24915924178162113,0.07466645714490758,0.08739159349953131,0.39288922909941904
English,Sarah,Brown,5,6682,0.015863513917988625,Continuous,89,0.21372343609697694,0.06652720065507767,-0.00012096278329310861,0.019829991933545094,0.9951329411025479
English,Sarah,Brown,7,6682,0.021400778210116732,LPM,89,0.5799161927566597,0.24364986574883157,0.07219825772706225,0.029718077488256313,0.015122207599850205
English,Sarah,Brown,7,6682,0.021400778210116732,Logit,89,0.5799161927566597,0.24364986574883157,0.15339752723799868,0.0911824477305293,0.0925079276756069
English,Sarah,Brown,7,6682,0.021400778210116732,Continuous,89,0.20650290047177206,0.057637307058433083,0.004433101409918077,0.02106797311322499,0.8333406804663233
English,Sarah,Brown,10,6682,0.030829093085902426,LPM,89,0.6412750673451063,0.23007578752076333,0.04212805492971463,0.05206102833681013,0.41839712345872737
English,Sarah,Brown,10,6682,0.030829093085902426,Logit,89,0.6412750673451063,0.23007578752076333,0.003406622850109398,0.09915115465528918,0.9725917755300925
English,Sarah,Brown,10,6682,0.030829093085902426,Continuous,89,0.20307180389865218,0.050947354263947184,0.0013357875958614328,0.01950322551925624,0.9453951035125856
English,Sarah,Brown,15,6682,0.04399880275366657,LPM,89,0.6950014965579168,0.21200614428753695,0.01883151832724253,0.06237740172298723,0.7627309753401097
English,Sarah,Brown,15,6682,0.04399880275366657,Logit,89,0.6950014965579168,0.21200614428753695,-0.04276786683113276,0.10945896379448107,0.6960038052740487
English,Sarah,Brown,15,6682,0.04399880275366657,Continuous,89,0.1988748061443362,0.04640415332235923,0.001622996489357607,0.01938770050422758,0.933284870386012
English,Sarah,Brown,20,6682,0.06480095779706675,LPM,89,0.7364561508530381,0.19411753953782368,-0.0034792093685929865,0.06925000694481986,0.9599301120206853
English,Sarah,Brown,20,6682,0.06480095779706675,Logit,89,0.7364561508530381,0.19411753953782368,-0.12516002187206426,0.12156477600335573,0.3032096810410315
English,Sarah,Brown,20,6682,0.06480095779706675,Continuous,89,0.19683192028748292,0.04391695312777112,0.0033507778834378256,0.01949070752378592,0.8635030268221322
English-Manchester,Anne,Manchester,3,6175,0.0011336032388663967,LPM,83,0.31497975708502024,0.21580245747807508,0.011913394796943883,0.020825407767260416,0.5672809355567083
English-Manchester,Anne,Manchester,3,6175,0.0011336032388663967,Logit,83,0.31497975708502024,0.21580245747807508,0.024806842279966008,0.1018459784752628,0.8075622124994695
English-Manchester,Anne,Manchester,3,6175,0.0011336032388663967,Continuous,83,0.13770580296896084,0.05137381654030419,0.00016278796504443863,0.010860003886938419,0.9880404149496341
English-Manchester,Anne,Manchester,5,6175,0.0029149797570850204,LPM,83,0.417165991902834,0.24317790814031418,0.022389411147209288,0.01903579373943939,0.23952523689960215
English-Manchester,Anne,Manchester,5,6175,0.0029149797570850204,Logit,83,0.417165991902834,0.24317790814031418,-0.0019663741909943214,0.0975571136945268,0.9839188212998843
English-Manchester,Anne,Manchester,5,6175,0.0029149797570850204,Continuous,83,0.13253171390013496,0.035326400818022734,0.0036502336664843535,0.010581709369529771,0.730126772537072
English-Manchester,Anne,Manchester,7,6175,0.0037246963562753035,LPM,83,0.4884210526315789,0.2499063986496855,0.03559970923573545,0.02460217358708602,0.1478927791435021
English-Manchester,Anne,Manchester,7,6175,0.0037246963562753035,Logit,83,0.4884210526315789,0.2499063986496855,-0.004140340105524705,0.09747769093754119,0.9661202438217398
English-Manchester,Anne,Manchester,7,6175,0.0037246963562753035,Continuous,83,0.12938692886061304,0.028883817323959223,7.037608572067842e-06,0.012189934330373393,0.9995393577388926
English-Manchester,Anne,Manchester,10,6175,0.0066396761133603235,LPM,83,0.5509311740890688,0.24744608774683968,0.03791986716361323,0.0406940135328096,0.35142483852215267
English-Manchester,Anne,Manchester,10,6175,0.0066396761133603235,Logit,83,0.5509311740890688,0.24744608774683968,-0.03238397160512989,0.09991566197533884,0.745852434731347
English-Manchester,Anne,Manchester,10,6175,0.0066396761133603235,Continuous,83,0.12592886061307113,0.024217917263868696,0.0005156186076436368,0.01317284903346004,0.9687767547640503
English-Manchester,Anne,Manchester,15,6175,0.01068825910931174,LPM,83,0.6241295546558705,0.23462985039784182,0.01516371026105761,0.058782437382547105,0.7964352478363721
English-Manchester,Anne,Manchester,15,6175,0.01068825910931174,Logit,83,0.6241295546558705,0.23462985039784182,-0.12342430503274826,0.10692263635098302,0.24836375859960091
English-Manchester,Anne,Manchester,15,6175,0.01068825910931174,Continuous,83,0.1212464067646254,0.020208079773700975,0.0021236711654246837,0.01490419660236088,0.8866944512891319
English-Manchester,Anne,Manchester,20,6175,0.013927125506072875,LPM,83,0.6686639676113361,0.2215883507827654,0.010966656350962674,0.06567317097902355,0.8673791929261053
English-Manchester,Anne,Manchester,20,6175,0.013927125506072875,Logit,83,0.6686639676113361,0.2215883507827654,-0.03235851270229437,0.11493089349332766,0.778290454586929
English-Manchester,Anne,Manchester,20,6175,0.013927125506072875,Continuous,83,0.11835718850185327,0.01816336257750066,0.00495986348636416,0.01413496437779572,0.7256684410941853
English-Manchester,Aran,Manchester,3,5762,0.004512322110378341,LPM,88,0.415827837556404,0.242957212500409,0.03157233160397184,0.020621566560814108,0.125760845267091
English-Manchester,Aran,Manchester,3,5762,0.004512322110378341,Logit,88,0.415827837556404,0.242957212500409,0.023595046099941883,0.0867680334661345,0.785673940289272
English-Manchester,Aran,Manchester,3,5762,0.004512322110378341,Continuous,88,0.198542172856647,0.07390325345267916,0.012706152576023151,0.015306937441812964,0.4064872772905438
English-Manchester,Aran,Manchester,5,5762,0.0076362374175633465,LPM,88,0.5095452967719541,0.24995226673798693,0.04155075172045557,0.02445151534997102,0.08926042608555512
English-Manchester,Aran,Manchester,5,5762,0.0076362374175633465,Logit,88,0.5095452967719541,0.24995226673798693,0.061630061127484884,0.08521582358726852,0.4695427639799469
English-Manchester,Aran,Manchester,5,5762,0.0076362374175633465,Continuous,88,0.1908683327548305,0.055670469998959485,0.025187165061458287,0.014843774743067268,0.08973131807221421
English-Manchester,Aran,Manchester,7,5762,0.00971884762235335,LPM,88,0.5718500520652551,0.24488006916246907,0.05472161323101979,0.034385924865624785,0.1115205497414569
English-Manchester,Aran,Manchester,7,5762,0.00971884762235335,Logit,88,0.5718500520652551,0.24488006916246907,0.1830853204928026,0.0863961747186306,0.03407890039458185
English-Manchester,Aran,Manchester,7,5762,0.00971884762235335,Continuous,88,0.18579816862531195,0.046875241181262815,0.02692254515686824,0.015421911923432152,0.08085730627735788
English-Manchester,Aran,Manchester,10,5762,0.01596667823672336,LPM,88,0.6291218326969802,0.23336805354512177,0.033591962399680805,0.046765770587493656,0.4725708882687313
English-Manchester,Aran,Manchester,10,5762,0.01596667823672336,Logit,88,0.6291218326969802,0.23336805354512177,0.21222343997761775,0.091308464716067,0.020112250933733766
English-Manchester,Aran,Manchester,10,5762,0.01596667823672336,Continuous,88,0.18207901522288888,0.04086277725949275,0.024870628813345588,0.01654517871937486,0.13278878384048573
English-Manchester,Aran,Manchester,15,5762,0.023082263103089206,LPM,88,0.6896910794862895,0.21405444369406104,0.011551065536563598,0.05698088897559656,0.8393552655841807
English-Manchester,Aran,Manchester,15,5762,0.023082263103089206,Logit,88,0.6896910794862895,0.21405444369406104,0.30743556617932644,0.10293673495804698,0.002820563142680467
English-Manchester,Aran,Manchester,15,5762,0.023082263103089206,Continuous,88,0.17864292799645107,0.036370315441343656,0.022867442134853175,0.016663216544004513,0.1699605405371455
English-Manchester,Aran,Manchester,20,5762,0.031239153071850052,LPM,88,0.7290871225269003,0.1975533758487227,-0.02283712446616211,0.05858317467623665,0.6966667336460269
English-Manchester,Aran,Manchester,20,5762,0.031239153071850052,Logit,88,0.7290871225269003,0.1975533758487227,0.2585231289182934,0.11862364096201566,0.029305241334788065
English-Manchester,Aran,Manchester,20,5762,0.031239153071850052,Continuous,88,0.17673812681695006,0.03461714287890656,0.025195253955244322,0.01842814121934624,0.17155753636281468
English-Manchester,Becky,Manchester,3,2415,0.002070393374741201,LPM,70,0.337888198757764,0.22381243985653052,-0.013151452846921152,0.04168657244860019,0.7523940840687273
English-Manchester,Becky,Manchester,3,2415,0.002070393374741201,Logit,70,0.337888198757764,0.22381243985653052,-0.1883105411133141,0.20541638570493026,0.35928623938905946
English-Manchester,Becky,Manchester,3,2415,0.002070393374741201,Continuous,70,0.14906832298136646,0.05491202400535637,-0.01281082253698218,0.026743493241406333,0.6319202933174127
English-Manchester,Becky,Manchester,5,2415,0.004968944099378882,LPM,70,0.4380952380952381,0.24626977551584017,-0.020995801324890706,0.039065165473036845,0.5909527806442154
English-Manchester,Becky,Manchester,5,2415,0.004968944099378882,Logit,70,0.4380952380952381,0.24626977551584017,-0.28326807062160486,0.19481164366541695,0.14592931349728627
English-Manchester,Becky,Manchester,5,2415,0.004968944099378882,Continuous,70,0.14437543133195307,0.039944301596259384,-0.014220788593407648,0.02246768050727303,0.5267700671975786
English-Manchester,Becky,Manchester,7,2415,0.006625258799171843,LPM,70,0.493167701863354,0.25005686291663015,-0.012855351967222844,0.04358134636169854,0.7680139534702853
English-Manchester,Becky,Manchester,7,2415,0.006625258799171843,Logit,70,0.493167701863354,0.25005686291663015,-0.29112337746527855,0.19605420892096984,0.13756696115038397
English-Manchester,Becky,Manchester,7,2415,0.006625258799171843,Continuous,70,0.14073153899240853,0.03382538748642275,-0.02142564249073573,0.024431198578789295,0.38049816916017065
English-Manchester,Becky,Manchester,10,2415,0.006625258799171843,LPM,70,0.5300207039337475,0.24920194654714306,0.0004857894369189042,0.05798493857326575,0.9933155166344364
English-Manchester,Becky,Manchester,10,2415,0.006625258799171843,Logit,70,0.5300207039337475,0.24920194654714306,-0.23890165593778337,0.19748936038420672,0.22639640764632618
English-Manchester,Becky,Manchester,10,2415,0.006625258799171843,Continuous,70,0.13278122843340234,0.02845316094730741,-0.014176340085411271,0.022696025390456235,0.5322219737149221
English-Manchester,Becky,Manchester,15,2415,0.012836438923395446,LPM,70,0.5962732919254659,0.24083117631620932,-0.0027143566174342715,0.09264908156582785,0.9766275777116028
English-Manchester,Becky,Manchester,15,2415,0.012836438923395446,Logit,70,0.5962732919254659,0.24083117631620932,-0.17791804667936736,0.20397525001495417,0.3830703104280295
English-Manchester,Becky,Manchester,15,2415,0.012836438923395446,Continuous,70,0.12938137087205412,0.02467768733865077,-0.0027291444978200866,0.02133382896962197,0.8982077912824987
English-Manchester,Becky,Manchester,20,2415,0.014492753623188406,LPM,70,0.6351966873706004,0.23181784655074522,-0.04196218262949561,0.11043091103714685,0.7039559253363703
English-Manchester,Becky,Manchester,20,2415,0.014492753623188406,Logit,70,0.6351966873706004,0.23181784655074522,-0.3119707324465453,0.21272360313437594,0.14249731714961486
English-Manchester,Becky,Manchester,20,2415,0.014492753623188406,Continuous,70,0.12638928921864523,0.023082209033378695,-0.0009451749486198632,0.023232691678386173,0.9675486366088184
English-Manchester,Carl,Manchester,3,5983,0.00016714023065351831,LPM,83,0.4272104295503928,0.24474258476583016,-0.010049815993624239,0.02335240349747739,0.6669376613742721
English-Manchester,Carl,Manchester,3,5983,0.00016714023065351831,Logit,83,0.4272104295503928,0.24474258476583016,-0.06937037161683228,0.0688972720351501,0.3139988176027231
English-Manchester,Carl,Manchester,3,5983,0.00016714023065351831,Continuous,83,0.21477519638977102,0.08397646371990597,-0.011180335807566638,0.015243347245342867,0.46327990229083027
English-Manchester,Carl,Manchester,5,5983,0.0008357011532675915,LPM,83,0.5189704161791743,0.24968185519285582,-0.015825433782755548,0.03162163312557526,0.6167496280071572
English-Manchester,Carl,Manchester,5,5983,0.0008357011532675915,Logit,83,0.5189704161791743,0.24968185519285582,-0.06070271107086534,0.07063940640590655,0.39015730642927926
English-Manchester,Carl,Manchester,5,5983,0.0008357011532675915,Continuous,83,0.2045517856147975,0.06297873913120498,-0.005915682515184792,0.012118420972938729,0.6254391954543066
English-Manchester,Carl,Manchester,7,5983,0.0020056827678422194,LPM,83,0.5721210095269932,0.24483948251238757,-0.02382331562563518,0.038413835763610495,0.5351423212178408
English-Manchester,Carl,Manchester,7,5983,0.0020056827678422194,Logit,83,0.5721210095269932,0.24483948251238757,-0.038566261932860946,0.07447821688171397,0.6045843156042253
English-Manchester,Carl,Manchester,7,5983,0.0020056827678422194,Continuous,83,0.19548403014891397,0.05196752972933781,0.00145477150799152,0.012027723747822334,0.903729432078725
English-Manchester,Carl,Manchester,10,5983,0.002674243690456293,LPM,83,0.625940163797426,0.23417821574367093,-0.04107345755082263,0.04665700510723729,0.37868176962897204
English-Manchester,Carl,Manchester,10,5983,0.002674243690456293,Logit,83,0.625940163797426,0.23417821574367093,-0.003614428344825305,0.08319015019949541,0.9653445811148119
English-Manchester,Carl,Manchester,10,5983,0.002674243690456293,Continuous,83,0.18772341740752235,0.04379383002993312,0.00688102415386767,0.011221875529851055,0.5397576506083659
English-Manchester,Carl,Manchester,15,5983,0.0036770850743774027,LPM,83,0.6842721042955039,0.2160799072240399,-0.06417089804938934,0.049211935972258786,0.19224374268760225
English-Manchester,Carl,Manchester,15,5983,0.0036770850743774027,Logit,83,0.6842721042955039,0.2160799072240399,0.032311322207632096,0.1016897442000837,0.7506790119891058
English-Manchester,Carl,Manchester,15,5983,0.0036770850743774027,Continuous,83,0.18062739904625247,0.03762166295284398,0.008267557755380867,0.012043702291410208,0.49242109711306414
English-Manchester,Carl,Manchester,20,5983,0.005849908072873141,LPM,83,0.7195386929633963,0.20183649729063505,-0.07145475611760388,0.048030189836729596,0.13682869443072895
English-Manchester,Carl,Manchester,20,5983,0.005849908072873141,Logit,83,0.7195386929633963,0.20183649729063505,0.09367289411651329,0.11823037068825795,0.4281908432241395
English-Manchester,Carl,Manchester,20,5983,0.005849908072873141,Continuous,83,0.17633866812126783,0.034934291253920655,0.01446541210490876,0.012334132306799197,0.24087791293191374
English-Manchester,Dominic,Manchester,3,1575,0.0025396825396825397,LPM,56,0.3815873015873016,0.23612835562009643,0.03382659729612206,0.03005889708777235,0.26044332218362287
English-Manchester,Dominic,Manchester,3,1575,0.0025396825396825397,Logit,56,0.3815873015873016,0.23612835562009643,0.14368436466965234,0.1491703291553886,0.3354353806221153
English-Manchester,Dominic,Manchester,3,1575,0.0025396825396825397,Continuous,56,0.1783068783068783,0.06682051144143476,0.010432999819142558,0.019367005089079334,0.5900940812092339
English-Manchester,Dominic,Manchester,5,1575,0.007619047619047619,LPM,56,0.48,0.24975857687420586,0.021670201322656783,0.03621835735308462,0.5496258124484094
English-Manchester,Dominic,Manchester,5,1575,0.007619047619047619,Logit,56,0.48,0.24975857687420586,0.05672665155770255,0.14439169533870116,0.694418128456032
English-Manchester,Dominic,Manchester,5,1575,0.007619047619047619,Continuous,56,0.16158730158730158,0.04498477239265041,0.005004054935320223,0.02067429760603274,0.8087473721468921
English-Manchester,Dominic,Manchester,7,1575,0.011428571428571429,LPM,56,0.5453968253968254,0.24809664992638308,0.04066995407869946,0.024410946123426903,0.09570266233451194
English-Manchester,Dominic,Manchester,7,1575,0.011428571428571429,Logit,56,0.5453968253968254,0.24809664992638308,0.14060658571307288,0.14446962095494048,0.3304238137512149
English-Manchester,Dominic,Manchester,7,1575,0.011428571428571429,Continuous,56,0.15239002267573692,0.0353291582646249,0.006922609997573999,0.017967914426028565,0.700032784269899
English-Manchester,Dominic,Manchester,10,1575,0.01650793650793651,LPM,56,0.6152380952380953,0.23687057542203663,0.050041021216700315,0.029931200429353568,0.09455032107304373
English-Manchester,Dominic,Manchester,10,1575,0.01650793650793651,Logit,56,0.6152380952380953,0.23687057542203663,0.2123185281229923,0.14752085461870582,0.15008135836582462
English-Manchester,Dominic,Manchester,10,1575,0.01650793650793651,Continuous,56,0.14589241622574955,0.028226892233459606,0.004433714561427528,0.018304317418560402,0.808607887084901
English-Manchester,Dominic,Manchester,15,1575,0.027936507936507936,LPM,56,0.6831746031746032,0.21658457877009335,0.019256354921066948,0.028160098697960878,0.49409071444413966
English-Manchester,Dominic,Manchester,15,1575,0.027936507936507936,Logit,56,0.6831746031746032,0.21658457877009335,0.12418397420027939,0.15602040268056747,0.4260628312956084
English-Manchester,Dominic,Manchester,15,1575,0.027936507936507936,Continuous,56,0.1355530941721418,0.021356510106561682,0.0007442744598247335,0.015420379067765663,0.9615045381862692
English-Manchester,Dominic,Manchester,20,1575,0.03619047619047619,LPM,56,0.726984126984127,0.1986043040680906,-0.006025726381348129,0.03556643824913848,0.8654649571939278
English-Manchester,Dominic,Manchester,20,1575,0.03619047619047619,Logit,56,0.726984126984127,0.1986043040680906,0.08892963825508947,0.1691448238971707,0.5990547412187364
English-Manchester,Dominic,Manchester,20,1575,0.03619047619047619,Continuous,56,0.12852037348152637,0.01772754873918462,-0.0026869859473745705,0.014433174512798649,0.852313522031792
English-Manchester,Gail,Manchester,3,1526,0.001310615989515072,LPM,67,0.3315858453473132,0.22178200803557999,0.008229404443454297,0.028892616699382187,0.7757764971663809
English-Manchester,Gail,Manchester,3,1526,0.001310615989515072,Logit,67,0.3315858453473132,0.22178200803557999,-0.0487705313626722,0.13769953080751995,0.7232033840567698
English-Manchester,Gail,Manchester,3,1526,0.001310615989515072,Continuous,67,0.154434250764526,0.061598903761634995,0.005174195715282971,0.0225784536082938,0.8187405234300769
English-Manchester,Gail,Manchester,5,1526,0.00327653997378768,LPM,67,0.41546526867627787,0.24301312764540323,0.01745972590826414,0.031943497583317826,0.5846662584345663
English-Manchester,Gail,Manchester,5,1526,0.00327653997378768,Logit,67,0.41546526867627787,0.24301312764540323,-0.01604345475559757,0.1333444368248619,0.9042329161844178
English-Manchester,Gail,Manchester,5,1526,0.00327653997378768,Continuous,67,0.1392857142857143,0.04072611241217799,0.008085230925991518,0.020741763373264496,0.6966811792417967
English-Manchester,Gail,Manchester,7,1526,0.00655307994757536,LPM,67,0.47575360419397117,0.24957566121650945,0.0206280501383167,0.024987806979292166,0.40907380471825827
English-Manchester,Gail,Manchester,7,1526,0.00655307994757536,Logit,67,0.47575360419397117,0.24957566121650945,0.013577893846928398,0.1321596593008663,0.9181704645361127
English-Manchester,Gail,Manchester,7,1526,0.00655307994757536,Continuous,67,0.13031111527179678,0.031341326734018134,0.007190040074842037,0.018535424358064243,0.6980840903918675
English-Manchester,Gail,Manchester,10,1526,0.013761467889908258,LPM,67,0.5334207077326344,0.24904625829877744,0.02327825986252552,0.022792761118587836,0.3071120577011107
English-Manchester,Gail,Manchester,10,1526,0.013761467889908258,Logit,67,0.5334207077326344,0.24904625829877744,0.03764586815830243,0.1347897087312098,0.7800197157380571
English-Manchester,Gail,Manchester,10,1526,0.013761467889908258,Continuous,67,0.12297426615906303,0.024717455280897787,0.008484488641343019,0.01583339070969993,0.5920549664486363
English-Manchester,Gail,Manchester,15,1526,0.01703800786369594,LPM,67,0.6140235910878112,0.2371540296070301,0.026909894831732895,0.03467634990925012,0.43773115334551604
English-Manchester,Gail,Manchester,15,1526,0.01703800786369594,Logit,67,0.6140235910878112,0.2371540296070301,0.2306206153503457,0.14714654062427895,0.1170480114385569
English-Manchester,Gail,Manchester,15,1526,0.01703800786369594,Continuous,67,0.1199317647548316,0.019946837234425464,0.009290132595522388,0.014962610263002545,0.5346721107295926
English-Manchester,Gail,Manchester,20,1526,0.02817824377457405,LPM,67,0.6605504587155964,0.2243705820424124,-0.017143182057768352,0.04080052689995887,0.674360827138192
English-Manchester,Gail,Manchester,20,1526,0.02817824377457405,Logit,67,0.6605504587155964,0.2243705820424124,0.19939748698795742,0.17222824465984846,0.24696551199832317
English-Manchester,Gail,Manchester,20,1526,0.02817824377457405,Continuous,67,0.11797811511535243,0.0183871514487103,0.006228596771344269,0.01619652335475248,0.7005606093382445
English-Manchester,Joel,Manchester,3,3532,0.002548131370328426,LPM,78,0.3983578708946772,0.23973675322888394,-0.015463065728980152,0.019807946582012237,0.4350086064146008
English-Manchester,Joel,Manchester,3,3532,0.002548131370328426,Logit,78,0.3983578708946772,0.23973675322888394,-0.1516214730919358,0.1289860395534747,0.23979974785033942
English-Manchester,Joel,Manchester,3,3532,0.002548131370328426,Continuous,78,0.18393733484333713,0.06663263171185396,-0.00277243883374121,0.017181475146966368,0.8718082188026405
English-Manchester,Joel,Manchester,5,3532,0.0028312570781426952,LPM,78,0.4909399773499434,0.24998869421557585,0.012337074853891364,0.028775028092641684,0.668110694484777
English-Manchester,Joel,Manchester,5,3532,0.0028312570781426952,Logit,78,0.4909399773499434,0.24998869421557585,-0.09887279605391662,0.126781296609172,0.43546801930524515
English-Manchester,Joel,Manchester,5,3532,0.0028312570781426952,Continuous,78,0.17684031710079276,0.05004404926050548,0.0013202849520540655,0.016299836921380075,0.93544204221059
English-Manchester,Joel,Manchester,7,3532,0.003963759909399773,LPM,78,0.5436013590033975,0.24816918456909573,0.010712937572371684,0.02443427480435222,0.6610681229899347
English-Manchester,Joel,Manchester,7,3532,0.003963759909399773,Logit,78,0.5436013590033975,0.24816918456909573,-0.12156174724601153,0.12837051938205712,0.3436591611198051
English-Manchester,Joel,Manchester,7,3532,0.003963759909399773,Continuous,78,0.17298980747451864,0.04354353079153378,0.011105959065367793,0.01795699409056685,0.536262010208409
English-Manchester,Joel,Manchester,10,3532,0.004530011325028313,LPM,78,0.5931483578708947,0.24139172762970146,0.04370910591311919,0.035917209233258085,0.22362686180131897
English-Manchester,Joel,Manchester,10,3532,0.004530011325028313,Logit,78,0.5931483578708947,0.24139172762970146,0.09111091085083213,0.1319867725111633,0.490003443387811
English-Manchester,Joel,Manchester,10,3532,0.004530011325028313,Continuous,78,0.1677519818799547,0.0381073210807496,0.02018713851195073,0.020799086336658716,0.3317583964225055
English-Manchester,Joel,Manchester,15,3532,0.00622876557191393,LPM,78,0.6537372593431483,0.22642896295006248,0.020799248593454944,0.05740735412191144,0.7171205147593951
English-Manchester,Joel,Manchester,15,3532,0.00622876557191393,Logit,78,0.6537372593431483,0.22642896295006248,0.12054189647801332,0.1424243206484999,0.3973533222240514
English-Manchester,Joel,Manchester,15,3532,0.00622876557191393,Continuous,78,0.16510729738362806,0.034086775858576945,0.025086840319174082,0.020486117709610972,0.2207344218760371
English-Manchester,Joel,Manchester,20,3532,0.01245753114382786,LPM,78,0.6916761041902605,0.2133206676474635,0.002189316339344771,0.07160400281432443,0.9756082131487307
English-Manchester,Joel,Manchester,20,3532,0.01245753114382786,Logit,78,0.6916761041902605,0.2133206676474635,0.2259406408850526,0.16116206939286176,0.160931145909871
English-Manchester,Joel,Manchester,20,3532,0.01245753114382786,Continuous,78,0.16218795675194317,0.032049180919060734,0.02401133144162331,0.021840772153688095,0.2716018845569822
English-Manchester,John,Manchester,3,14831,0.0020227901018137684,LPM,101,0.32789427550401185,0.2203944799881315,-0.015894863340684618,0.01776825262092967,0.37101947490330367
English-Manchester,John,Manchester,3,14831,0.0020227901018137684,Logit,101,0.32789427550401185,0.2203944799881315,-0.1131745555639135,0.050292339437484075,0.024427758517923386
English-Manchester,John,Manchester,3,14831,0.0020227901018137684,Continuous,101,0.1528217921920302,0.061503818625690196,-0.010512747799674337,0.006903383405604541,0.1277987610871746
English-Manchester,John,Manchester,5,14831,0.0034387431730834063,LPM,101,0.40995212730092373,0.24190769157183986,-0.022553464323691735,0.022971135349877738,0.3261897299296196
English-Manchester,John,Manchester,5,14831,0.0034387431730834063,Logit,101,0.40995212730092373,0.24190769157183986,-0.1378240605041135,0.04867861950542811,0.004635836729853008
English-Manchester,John,Manchester,5,14831,0.0034387431730834063,Continuous,101,0.14249882003910727,0.0440913084855335,-0.007794637441433266,0.006018455666120899,0.19527796893516103
English-Manchester,John,Manchester,7,14831,0.004450138223990291,LPM,101,0.4707032566920639,0.24915850067651388,-0.03055634102761256,0.031468258373932585,0.3315378004980438
English-Manchester,John,Manchester,7,14831,0.004450138223990291,Logit,101,0.4707032566920639,0.24915850067651388,-0.16212486664583203,0.04883063206296333,0.0008997012557708546
English-Manchester,John,Manchester,7,14831,0.004450138223990291,Continuous,101,0.13693261540338605,0.03574751939987873,-0.0028108350685851413,0.005304166911279999,0.5961607400374026
English-Manchester,John,Manchester,10,14831,0.006068370305441305,LPM,101,0.5314543860832041,0.24902741260230515,-0.02616077638492452,0.0441933117420765,0.5538758047781454
English-Manchester,John,Manchester,10,14831,0.006068370305441305,Logit,101,0.5314543860832041,0.24902741260230515,-0.0945480672098861,0.0502302997544804,0.05979644542964581
English-Manchester,John,Manchester,10,14831,0.006068370305441305,Continuous,101,0.13209394629224713,0.029841087127713994,0.001306724180025174,0.004755560060212845,0.783486656138916
English-Manchester,John,Manchester,15,14831,0.007551749713438069,LPM,101,0.5965882273616074,0.24068694297400525,-0.05091405253857893,0.051748829960732046,0.3251800896187218
English-Manchester,John,Manchester,15,14831,0.007551749713438069,Logit,101,0.5965882273616074,0.24068694297400525,-0.13858098785129205,0.05484351549027739,0.011509273356860139
English-Manchester,John,Manchester,15,14831,0.007551749713438069,Continuous,101,0.1277320505744078,0.02516446196926162,0.006391482936999879,0.005760546584468366,0.26720283105769826
English-Manchester,John,Manchester,20,14831,0.00937226080507046,LPM,101,0.638729687816061,0.23076963366948444,-0.068758112882727,0.05686428675945187,0.22660076096834114
English-Manchester,John,Manchester,20,14831,0.00937226080507046,Logit,101,0.638729687816061,0.23076963366948444,-0.14710511784406313,0.06116582140803233,0.016171512683785232
English-Manchester,John,Manchester,20,14831,0.00937226080507046,Continuous,101,0.12447627324256699,0.022564442140842463,0.0070745514876662495,0.006520745053886858,0.2779526898108554
English-Manchester,Liz,Manchester,3,8212,0.0006088650754992694,LPM,90,0.31721870433511934,0.21661737610607895,-0.002278710725475388,0.03974035729211067,0.9542743846531815
English-Manchester,Liz,Manchester,3,8212,0.0006088650754992694,Logit,90,0.31721870433511934,0.21661737610607895,-0.07775176273241832,0.08356265298913938,0.35213261458603495
English-Manchester,Liz,Manchester,3,8212,0.0006088650754992694,Continuous,90,0.14622909563240782,0.059200788223829154,-0.0075095482917485416,0.013719762984277429,0.5841364956296192
English-Manchester,Liz,Manchester,5,8212,0.000974184120798831,LPM,90,0.39064783244033124,0.23807109408493698,-0.015121501165599273,0.05018062301101232,0.7631541445425898
English-Manchester,Liz,Manchester,5,8212,0.000974184120798831,Logit,90,0.39064783244033124,0.23807109408493698,-0.174016510157123,0.08124246621460378,0.03219828866359772
English-Manchester,Liz,Manchester,5,8212,0.000974184120798831,Continuous,90,0.1353567949342426,0.0434656746548341,-0.0062523725505499485,0.009236754911786285,0.49846850072071147
English-Manchester,Liz,Manchester,7,8212,0.001948368241597662,LPM,90,0.4398441305406722,0.24641127761382192,-0.018041103410572374,0.0590220332762782,0.7598580008037903
English-Manchester,Liz,Manchester,7,8212,0.001948368241597662,Logit,90,0.4398441305406722,0.24641127761382192,-0.20215820900409168,0.0818538989240345,0.013520962023265172
English-Manchester,Liz,Manchester,7,8212,0.001948368241597662,Continuous,90,0.1281275369378146,0.03527744815579907,-0.008907397323309595,0.007355302312733963,0.22588882780146902
English-Manchester,Liz,Manchester,10,8212,0.0030443253774963468,LPM,90,0.49184120798830977,0.24996387296738723,-0.026823153740932727,0.07619854995656782,0.7248258205546697
English-Manchester,Liz,Manchester,10,8212,0.0030443253774963468,Logit,90,0.49184120798830977,0.24996387296738723,-0.2319834919090058,0.08447402394560675,0.006028797994227268
English-Manchester,Liz,Manchester,10,8212,0.0030443253774963468,Continuous,90,0.1204502315620192,0.02846275867870106,-0.004593371159225116,0.005997677219894531,0.44376059258193257
English-Manchester,Liz,Manchester,15,8212,0.005723331709693132,LPM,90,0.5530930345835363,0.2472112333359613,-0.040669781045973456,0.08806557360680496,0.6442157996636807
English-Manchester,Liz,Manchester,15,8212,0.005723331709693132,Logit,90,0.5530930345835363,0.2472112333359613,-0.2161740488003812,0.0897619045952359,0.016026782969365473
English-Manchester,Liz,Manchester,15,8212,0.005723331709693132,Continuous,90,0.11387486789337739,0.023298518556012882,-7.006212686156798e-05,0.004600624063770223,0.9878496204283433
English-Manchester,Liz,Manchester,20,8212,0.008037018996590355,LPM,90,0.5959571358986848,0.24082155363680877,-0.07063834775451336,0.09928715993666958,0.4768023183353519
English-Manchester,Liz,Manchester,20,8212,0.008037018996590355,Logit,90,0.5959571358986848,0.24082155363680877,-0.2332867039584374,0.1002312566076947,0.019939488879720916
English-Manchester,Liz,Manchester,20,8212,0.008037018996590355,Continuous,90,0.11012502403679458,0.020571654223711048,0.0017788462197394887,0.004408833032720427,0.6866001050530139
English-Manchester,Ruth,Manchester,3,9241,0.0003246401904555784,LPM,92,0.32734552537604156,0.22021426252570067,-0.011081663516431138,0.026018398285856458,0.6701687366290312
English-Manchester,Ruth,Manchester,3,9241,0.0003246401904555784,Logit,92,0.32734552537604156,0.22021426252570067,-0.1386514159388376,0.07455719449746963,0.06293291622255211
English-Manchester,Ruth,Manchester,3,9241,0.0003246401904555784,Continuous,92,0.14812610467842585,0.05721393041623537,-0.008255607235257804,0.006156656823459144,0.1799452166270612
English-Manchester,Ruth,Manchester,5,9241,0.0003246401904555784,LPM,92,0.40406882372037656,0.24082326972165735,-0.012528633425598174,0.036064604756623125,0.7282952128288588
English-Manchester,Ruth,Manchester,5,9241,0.0003246401904555784,Logit,92,0.40406882372037656,0.24082326972165735,-0.1373542750008815,0.07210196309538568,0.05678000745553275
English-Manchester,Ruth,Manchester,5,9241,0.0003246401904555784,Continuous,92,0.13785304620712044,0.041413312168479356,-0.004953057991951724,0.006498278396329503,0.445934199743516
English-Manchester,Ruth,Manchester,7,9241,0.0008657071745482091,LPM,92,0.45330591927280595,0.24784648313487184,-0.004521596699833418,0.05110707235280552,0.9295007323570642
English-Manchester,Ruth,Manchester,7,9241,0.0008657071745482091,Logit,92,0.45330591927280595,0.24784648313487184,-0.06927694463185904,0.0722925194159628,0.3379183147591245
English-Manchester,Ruth,Manchester,7,9241,0.0008657071745482091,Continuous,92,0.1317302291547503,0.035152456724703525,-0.002071557158414332,0.0071087588149440425,0.7707384394830149
English-Manchester,Ruth,Manchester,10,9241,0.0018396277459149443,LPM,92,0.507196190888432,0.24997526550929863,-0.019369176272848083,0.05532965653750725,0.7262872034872002
English-Manchester,Ruth,Manchester,10,9241,0.0018396277459149443,Logit,92,0.507196190888432,0.24997526550929863,-0.0836062771217531,0.0732666981595059,0.2538189530066184
English-Manchester,Ruth,Manchester,10,9241,0.0018396277459149443,Continuous,92,0.12686139925075104,0.030075454634333764,-1.2813860051799934e-05,0.007605546190950699,0.9986557209691426
English-Manchester,Ruth,Manchester,15,9241,0.0031381885077372577,LPM,92,0.5780759658045667,0.24393054011601792,-0.04916796847348493,0.07020150391819069,0.48368789604612294
English-Manchester,Ruth,Manchester,15,9241,0.0031381885077372577,Logit,92,0.5780759658045667,0.24393054011601792,-0.08729245926807681,0.07905650531496912,0.26951590170473627
English-Manchester,Ruth,Manchester,15,9241,0.0031381885077372577,Continuous,92,0.12565842698945176,0.027365222655201155,0.004333098398461587,0.008151462019982528,0.5950216604584775
English-Manchester,Ruth,Manchester,20,9241,0.005302456444107781,LPM,92,0.6226598852937993,0.23497998052158856,-0.07478673170172126,0.07350157742392688,0.30892289900186276
English-Manchester,Ruth,Manchester,20,9241,0.005302456444107781,Logit,92,0.6226598852937993,0.23497998052158856,-0.07246374525806365,0.08784491255195738,0.409425283980572
English-Manchester,Ruth,Manchester,20,9241,0.005302456444107781,Continuous,92,0.12244927392660875,0.024992182419273288,0.005542669931633992,0.008291572341491847,0.5038334278571815
English-Manchester,Warren,Manchester,3,18281,0.0011487336578961764,LPM,100,0.3662819320606094,0.23213217630865204,-0.023829413191081936,0.015308413234955064,0.11956025171001577
English-Manchester,Warren,Manchester,3,18281,0.0011487336578961764,Logit,100,0.3662819320606094,0.23213217630865204,-0.17145780785735434,0.037991788707282544,6.391015488600395e-06
English-Manchester,Warren,Manchester,3,18281,0.0011487336578961764,Continuous,100,0.17686851558083982,0.07097694016896158,-0.009124489296820141,0.007285039267195721,0.21038884729484197
English-Manchester,Warren,Manchester,5,18281,0.001969257699250588,LPM,100,0.45621136699305287,0.24809612687516072,-0.022386925463322428,0.01788393910891822,0.21064661248034167
English-Manchester,Warren,Manchester,5,18281,0.001969257699250588,Logit,100,0.45621136699305287,0.24809612687516072,-0.13014422311295687,0.03779734910707087,0.000574852034731941
English-Manchester,Warren,Manchester,5,18281,0.001969257699250588,Continuous,100,0.17048848531261965,0.053655311454141895,-0.004861679756938646,0.0071189841116624086,0.49465889304800237
English-Manchester,Warren,Manchester,7,18281,0.0021880641102784313,LPM,100,0.5155079043815984,0.24977316789430073,-0.026246600084911163,0.025014889090861477,0.29406808036581733
English-Manchester,Warren,Manchester,7,18281,0.0021880641102784313,Logit,100,0.5155079043815984,0.24977316789430073,-0.10153925110810441,0.03898430726919318,0.009197658706925549
English-Manchester,Warren,Manchester,7,18281,0.0021880641102784313,Continuous,100,0.1657372603874436,0.0449719717898737,-0.0012408570226154513,0.007492589708457233,0.8684629064405929
English-Manchester,Warren,Manchester,10,18281,0.003665007384716372,LPM,100,0.5724522728515945,0.24476405714486119,-0.03424490703746274,0.033780499401888785,0.3107031079116128
English-Manchester,Warren,Manchester,10,18281,0.003665007384716372,Logit,100,0.5724522728515945,0.24476405714486119,-0.06345256380217901,0.04183048657607561,0.12929254505015658
English-Manchester,Warren,Manchester,10,18281,0.003665007384716372,Continuous,100,0.1612966841277656,0.03876314208563635,0.0017770904197847168,0.008234772019359233,0.82914112860323
English-Manchester,Warren,Manchester,15,18281,0.005251353864668235,LPM,100,0.634538591980745,0.23191205322884892,-0.05886188400866253,0.04244122603317417,0.1654711970831494
English-Manchester,Warren,Manchester,15,18281,0.005251353864668235,Logit,100,0.634538591980745,0.23191205322884892,-0.06430095006768877,0.050655492568598165,0.20430640395766897
English-Manchester,Warren,Manchester,15,18281,0.005251353864668235,Continuous,100,0.15686299171475038,0.03378901074651615,0.0027040088387520035,0.00842049301080841,0.7481176435322066
English-Manchester,Warren,Manchester,20,18281,0.006892401947377058,LPM,100,0.6746895684043542,0.2194955614497098,-0.0758599310118244,0.04285257155646249,0.07668485748891496
English-Manchester,Warren,Manchester,20,18281,0.006892401947377058,Logit,100,0.6746895684043542,0.2194955614497098,-0.10134300464471786,0.061130614109628056,0.09735561990901541
English-Manchester,Warren,Manchester,20,18281,0.006892401947377058,Continuous,100,0.15395994406773503,0.031208601652055967,0.0031970022797274808,0.008707068282194334,0.7134898152707159
English-UK,Abigail,UK_short_obs,3,4296,0.0004655493482309125,LPM,94,0.33752327746741156,0.22365337547665967,0.03319137077278594,0.03458603240173466,0.33721851628724486
English-UK,Abigail,UK_short_obs,3,4296,0.0004655493482309125,Logit,94,0.33752327746741156,0.22365337547665967,0.054514235633442834,0.09222416131304667,0.5544495413339634
English-UK,Abigail,UK_short_obs,3,4296,0.0004655493482309125,Continuous,94,0.16410614525139663,0.06756555447884849,0.016607975573020135,0.021323886861776116,0.4360717744103547
English-UK,Abigail,UK_short_obs,5,4296,0.0006983240223463687,LPM,94,0.4231843575418994,0.24415619045141487,0.048967004525780566,0.03279055171369587,0.1353517046000864
English-UK,Abigail,UK_short_obs,5,4296,0.0006983240223463687,Logit,94,0.4231843575418994,0.24415619045141487,0.10497301515769115,0.09161443300000899,0.2518725041122919
English-UK,Abigail,UK_short_obs,5,4296,0.0006983240223463687,Continuous,94,0.1584729981378026,0.05251492034174249,0.014523970419929928,0.018392683987022602,0.42972624377264224
English-UK,Abigail,UK_short_obs,7,4296,0.002094972067039106,LPM,94,0.49138733705772814,0.24998401198396641,0.0424233763749632,0.04521064404291428,0.3480649297698222
English-UK,Abigail,UK_short_obs,7,4296,0.002094972067039106,Logit,94,0.49138733705772814,0.24998401198396641,0.09628781513986505,0.09339974378810766,0.30257757728709966
English-UK,Abigail,UK_short_obs,7,4296,0.002094972067039106,Continuous,94,0.1575552008512902,0.04595055574144642,0.0136358044461617,0.016433114765569974,0.406665435383866
English-UK,Abigail,UK_short_obs,10,4296,0.0023277467411545625,LPM,94,0.5491154562383612,0.24764531751657873,0.033648749909709424,0.055961833425663826,0.5476532856222213
English-UK,Abigail,UK_short_obs,10,4296,0.0023277467411545625,Logit,94,0.5491154562383612,0.24764531751657873,0.13281080469339232,0.09835140383896811,0.17689726531353744
English-UK,Abigail,UK_short_obs,10,4296,0.0023277467411545625,Continuous,94,0.15318901303538177,0.040213343543984925,0.01125776678742152,0.014924290171464752,0.45065402971237456
English-UK,Abigail,UK_short_obs,15,4296,0.004655493482309125,LPM,94,0.6161545623836127,0.2365631835554313,-0.01516127737414208,0.06375024999592208,0.8120183586693032
English-UK,Abigail,UK_short_obs,15,4296,0.004655493482309125,Logit,94,0.6161545623836127,0.2365631835554313,0.10988464088312666,0.12439579756586017,0.37704887662017583
English-UK,Abigail,UK_short_obs,15,4296,0.004655493482309125,Continuous,94,0.15198037530439765,0.03680881298567988,0.011553823576806507,0.011141635239693446,0.29973803924753784
English-UK,Abigail,UK_short_obs,20,4296,0.006750465549348231,LPM,94,0.662243947858473,0.2237289798236657,-0.04073216102654645,0.06151972640265506,0.5079076548436899
English-UK,Abigail,UK_short_obs,20,4296,0.006750465549348231,Logit,94,0.662243947858473,0.2237289798236657,-0.0028109515360666914,0.1439512331819004,0.9844206106714524
English-UK,Abigail,UK_short_obs,20,4296,0.006750465549348231,Continuous,94,0.15048415142688887,0.03487312185302483,0.0096175688539352,0.009912660532860296,0.3319314466893123
English-UK,Eleanor,UK_long_long,3,43709,0.0014413507515614633,LPM,121,0.34995081104578,0.22749044555330258,0.003027120948818917,0.024563026846613257,0.9019179051967824
English-UK,Eleanor,UK_long_long,3,43709,0.0014413507515614633,Logit,121,0.34995081104578,0.22749044555330258,-0.025958058132759424,0.03656940618193088,0.4778096216734762
English-UK,Eleanor,UK_long_long,3,43709,0.0014413507515614633,Continuous,121,0.15973064281193042,0.060654609527145686,-0.003656546876498016,0.019021994612652682,0.8475641536352942
English-UK,Eleanor,UK_long_long,5,43709,0.0024022512526024387,LPM,121,0.4436614884806333,0.2468316192775592,0.01856794817313345,0.017149765735017777,0.2789442755931474
English-UK,Eleanor,UK_long_long,5,43709,0.0024022512526024387,Logit,121,0.4436614884806333,0.2468316192775592,0.02549929399035541,0.03468742164299322,0.46226858145099226
English-UK,Eleanor,UK_long_long,5,43709,0.0024022512526024387,Continuous,121,0.154166571339236,0.04536618844566066,0.0011582208545276684,0.019738405227738134,0.953208150306487
English-UK,Eleanor,UK_long_long,7,43709,0.003454666087075888,LPM,121,0.5031686837950994,0.24999567898998762,0.024065492928999965,0.014445014038683332,0.09571204192553204
English-UK,Eleanor,UK_long_long,7,43709,0.003454666087075888,Logit,121,0.5031686837950994,0.24999567898998762,0.036705458973227495,0.03448937827557398,0.2872136479118358
English-UK,Eleanor,UK_long_long,7,43709,0.003454666087075888,Continuous,121,0.15028200577629755,0.03874579457938972,0.002656228379607597,0.020929030881519865,0.8990069019302324
English-UK,Eleanor,UK_long_long,10,43709,0.005673888672813379,LPM,121,0.5638426868608296,0.2459297378583979,0.029925599437529378,0.026496775635414693,0.25872688849919323
English-UK,Eleanor,UK_long_long,10,43709,0.005673888672813379,Logit,121,0.5638426868608296,0.2459297378583979,0.08760464639500032,0.035228660464107324,0.012891827054845892
English-UK,Eleanor,UK_long_long,10,43709,0.005673888672813379,Continuous,121,0.1455641876813718,0.033024310047782605,0.00400322337118625,0.021783865728568608,0.8541938065995572
English-UK,Eleanor,UK_long_long,15,43709,0.010409755427943902,LPM,121,0.6273078770962502,0.23379805339749965,0.024665740921752458,0.043288709288992894,0.5688159509606322
English-UK,Eleanor,UK_long_long,15,43709,0.010409755427943902,Logit,121,0.6273078770962502,0.23379805339749965,0.1621308069738912,0.037621899277235575,1.6363916098866354e-05
English-UK,Eleanor,UK_long_long,15,43709,0.010409755427943902,Continuous,121,0.1415002873180823,0.028812311432971912,0.004734964793963665,0.023570275496317888,0.8407868381101434
English-UK,Eleanor,UK_long_long,20,43709,0.014070328765242857,LPM,121,0.6698620421423506,0.22115194628246815,0.008169737332496062,0.052333725013785165,0.8759475282808808
English-UK,Eleanor,UK_long_long,20,43709,0.014070328765242857,Logit,121,0.6698620421423506,0.22115194628246815,0.1919353485259889,0.04099838434741791,2.847355407825817e-06
English-UK,Eleanor,UK_long_long,20,43709,0.014070328765242857,Continuous,121,0.13890497726082307,0.026729058125186375,0.006224840719603012,0.024434756420872648,0.7989134604766202
English-UK,Frances,UK_short_obs,3,1451,0.0027567195037904893,LPM,74,0.4100620261888353,0.24207799615009862,0.00023123270834635168,0.032435100042911655,0.9943118582985649
English-UK,Frances,UK_short_obs,3,1451,0.0027567195037904893,Logit,74,0.4100620261888353,0.24207799615009862,-0.08376889359012961,0.17170295856062495,0.6256412189445726
English-UK,Frances,UK_short_obs,3,1451,0.0027567195037904893,Continuous,74,0.19963243739949457,0.07743741269728105,-0.0027052382015333026,0.017959801447443444,0.8802696456995858
English-UK,Frances,UK_short_obs,5,1451,0.0034458993797381117,LPM,74,0.49758787043418334,0.25016659141139286,-0.00041582263003231423,0.03241530398979349,0.9897650394560642
English-UK,Frances,UK_short_obs,5,1451,0.0034458993797381117,Logit,74,0.49758787043418334,0.25016659141139286,-0.1732370058731884,0.17660622559156974,0.32663100133416534
English-UK,Frances,UK_short_obs,5,1451,0.0034458993797381117,Continuous,74,0.1881461061337009,0.060549043465861846,0.003972273369229021,0.012845280955523569,0.7571390462228892
English-UK,Frances,UK_short_obs,7,1451,0.005513439007580979,LPM,74,0.5444521019986216,0.2481950616697165,-0.023484138899472567,0.04166979148481287,0.5730419972077108
English-UK,Frances,UK_short_obs,7,1451,0.005513439007580979,Logit,74,0.5444521019986216,0.2481950616697165,-0.2937380824741803,0.18314212269587857,0.10874039207616513
English-UK,Frances,UK_short_obs,7,1451,0.005513439007580979,Continuous,74,0.180407600669489,0.05014648540088104,0.004710835851810272,0.01063154254420876,0.6576934493861928
English-UK,Frances,UK_short_obs,10,1451,0.005513439007580979,LPM,74,0.6092350103376981,0.23823189714584472,-0.06210042204579193,0.06512956393736076,0.34034159512382056
English-UK,Frances,UK_short_obs,10,1451,0.005513439007580979,Logit,74,0.6092350103376981,0.23823189714584472,-0.5377641356942033,0.2048473102453225,0.008659935431642425
English-UK,Frances,UK_short_obs,10,1451,0.005513439007580979,Continuous,74,0.1786354238456237,0.04495013664773402,0.001562820038991282,0.01320739532596729,0.9058068507061943
English-UK,Frances,UK_short_obs,15,1451,0.006891798759476223,LPM,74,0.6726395589248794,0.22034744171677081,-0.118528501773942,0.09266347917763039,0.20085179129596853
English-UK,Frances,UK_short_obs,15,1451,0.006891798759476223,Logit,74,0.6726395589248794,0.22034744171677081,-1.1456685464017675,0.28344627076521345,5.301420754863331e-05
English-UK,Frances,UK_short_obs,15,1451,0.006891798759476223,Continuous,74,0.17244265038889436,0.03857632647456821,0.0024518930912958356,0.013007468763828639,0.8504856056026153
English-UK,Frances,UK_short_obs,20,1451,0.012405237767057202,LPM,74,0.7070985527222605,0.20725302407376603,-0.11207019408007865,0.08596366915940297,0.1923384344340403
English-UK,Frances,UK_short_obs,20,1451,0.012405237767057202,Logit,74,0.7070985527222605,0.20725302407376603,-1.0877310015845665,0.3105339343773894,0.00046043543919428443
English-UK,Frances,UK_short_obs,20,1451,0.012405237767057202,Continuous,74,0.17296967029403076,0.037299024032977225,0.005439668596847608,0.01443119153384565,0.7062194685257275
English-UK,Fraser,UK_long_long,3,13062,0.0038278977185729596,LPM,100,0.37230133210840605,0.2337109426503959,-0.004905225750099475,0.012412256744138723,0.6927011259438189
English-UK,Fraser,UK_long_long,3,13062,0.0038278977185729596,Logit,100,0.37230133210840605,0.2337109426503959,-0.06066973990429104,0.051275652169762105,0.23672689280662718
English-UK,Fraser,UK_long_long,3,13062,0.0038278977185729596,Continuous,100,0.17650436380339918,0.06839167243669762,-0.005066865204988295,0.008035550597088758,0.5283308302842187
English-UK,Fraser,UK_long_long,5,13062,0.005435614760373603,LPM,100,0.45751033532384017,0.24821363112355344,4.472873522872974e-05,0.012244543153196352,0.9970853720350698
English-UK,Fraser,UK_long_long,5,13062,0.005435614760373603,Logit,100,0.45751033532384017,0.24821363112355344,0.004293190539452821,0.049211167467381634,0.9304806112476249
English-UK,Fraser,UK_long_long,5,13062,0.005435614760373603,Continuous,100,0.16628898075843412,0.0506852311014613,0.0018061110594517612,0.009633519557357152,0.8512827723476127
English-UK,Fraser,UK_long_long,7,13062,0.008727606798346348,LPM,100,0.5147756851936917,0.24980080336556298,-0.0025676381105299447,0.012445162646925429,0.8365439598194533
English-UK,Fraser,UK_long_long,7,13062,0.008727606798346348,Logit,100,0.5147756851936917,0.24980080336556298,0.039657781237075626,0.04904266491413223,0.4187231801648972
English-UK,Fraser,UK_long_long,7,13062,0.008727606798346348,Continuous,100,0.16014830369446809,0.04293576287285491,0.007868092316201619,0.01048151062516621,0.45285491541324596
English-UK,Fraser,UK_long_long,10,13062,0.013550757923748278,LPM,100,0.5679834634818558,0.24539703578807998,-0.014940581319016839,0.01608310111665591,0.35290905252783966
English-UK,Fraser,UK_long_long,10,13062,0.013550757923748278,Logit,100,0.5679834634818558,0.24539703578807998,0.055772574587833586,0.050234242450899844,0.26689125312138084
English-UK,Fraser,UK_long_long,10,13062,0.013550757923748278,Continuous,100,0.15416973506086964,0.037043385462111146,0.01111378421558353,0.011708728556978652,0.34252502215628144
English-UK,Fraser,UK_long_long,15,13062,0.02067064768029398,LPM,100,0.6296126167508804,0.2332184243044759,-0.01712666336272482,0.024917369480000288,0.49186954398719906
English-UK,Fraser,UK_long_long,15,13062,0.02067064768029398,Logit,100,0.6296126167508804,0.2332184243044759,0.17560893518990073,0.05405321785200208,0.0011588659208731271
English-UK,Fraser,UK_long_long,15,13062,0.02067064768029398,Continuous,100,0.147539553625911,0.031631983006057074,0.015809424666274233,0.011924810787742036,0.18491955312754793
English-UK,Fraser,UK_long_long,20,13062,0.025953146531924667,LPM,100,0.668733731434696,0.2215458889761833,-0.033456344955821164,0.03133022360778482,0.2855829139954955
English-UK,Fraser,UK_long_long,20,13062,0.025953146531924667,Logit,100,0.668733731434696,0.2215458889761833,0.20192139427164785,0.059037118522149074,0.0006256482024334545
English-UK,Fraser,UK_long_long,20,13062,0.025953146531924667,Continuous,100,0.14289601577038596,0.028499095944293302,0.017280152899781843,0.01183553926175758,0.14428390705450955
English-UK,Geoffrey,UK_short_obs,3,1853,0.0,LPM,74,0.33998920669185106,0.22451771046659497,0.006625303929808635,0.038027007006779495,0.861687633764056
English-UK,Geoffrey,UK_short_obs,3,1853,0.0,Logit,74,0.33998920669185106,0.22451771046659497,-0.017827203075185923,0.1661552958945914,0.9145570012189569
English-UK,Geoffrey,UK_short_obs,3,1853,0.0,Continuous,74,0.1482280985788811,0.052650596371070675,0.0007940282840056614,0.02401271689171175,0.9736211660233296
English-UK,Geoffrey,UK_short_obs,5,1853,0.0,LPM,74,0.43658931462493256,0.24611190306070707,0.05079850024540375,0.026627832185603634,0.05642716170088175
English-UK,Geoffrey,UK_short_obs,5,1853,0.0,Logit,74,0.43658931462493256,0.24611190306070707,0.00929060088700706,0.16692897442949164,0.9556158430491086
English-UK,Geoffrey,UK_short_obs,5,1853,0.0,Continuous,74,0.1434430652995143,0.038268268489950914,0.010227863225677907,0.021925048088929016,0.6408632520495243
English-UK,Geoffrey,UK_short_obs,7,1853,0.0,LPM,74,0.5029681597409607,0.2501261744716116,0.11710924063352188,0.02677059336704329,1.2168445183322756e-05
English-UK,Geoffrey,UK_short_obs,7,1853,0.0,Logit,74,0.5029681597409607,0.2501261744716116,0.3383278037388234,0.17449923843477333,0.05251963695803023
English-UK,Geoffrey,UK_short_obs,7,1853,0.0,Continuous,74,0.14108395651838715,0.031986539835582715,0.024381778658775694,0.020577901843070366,0.23607576665664298
English-UK,Geoffrey,UK_short_obs,10,1853,0.0021586616297895305,LPM,74,0.5607123583378305,0.24644700847029918,0.15055768686912308,0.04279238501115633,0.0004342736845862764
English-UK,Geoffrey,UK_short_obs,10,1853,0.0021586616297895305,Logit,74,0.5607123583378305,0.24644700847029918,0.5958816292186093,0.18438812790388012,0.001230689819298808
English-UK,Geoffrey,UK_short_obs,10,1853,0.0021586616297895305,Continuous,74,0.13676470588235295,0.026482737263371872,0.027432271658442215,0.019049290505868424,0.14984819147955517
English-UK,Geoffrey,UK_short_obs,15,1853,0.0037776578521316784,LPM,74,0.6227738801942796,0.23505342454416925,0.1812726855110893,0.04157998481771357,1.3029204189992736e-05
English-UK,Geoffrey,UK_short_obs,15,1853,0.0037776578521316784,Logit,74,0.6227738801942796,0.23505342454416925,1.0842365659016684,0.2044209070095174,1.133285413333985e-07
English-UK,Geoffrey,UK_short_obs,15,1853,0.0037776578521316784,Continuous,74,0.13298541268050174,0.023230871129619215,0.037090311221982586,0.017205704853066422,0.031107219571547117
English-UK,Geoffrey,UK_short_obs,20,1853,0.004317323259579061,LPM,74,0.6632487857528332,0.22347043321261767,0.14520571798946913,0.043772768387750356,0.0009090450020107052
English-UK,Geoffrey,UK_short_obs,20,1853,0.004317323259579061,Logit,74,0.6632487857528332,0.22347043321261767,1.0360727516166368,0.21569856866038342,1.5604351814019251e-06
English-UK,Geoffrey,UK_short_obs,20,1853,0.004317323259579061,Continuous,74,0.1313839319143662,0.021944619362898276,0.03837839641086459,0.01968290117585168,0.0511958684387521
English-UK,Helen,UK_long_long,3,515,0.0,LPM,54,0.4330097087378641,0.24598995126742476,0.08532601801265138,0.034255079142737496,0.012741954397185782
English-UK,Helen,UK_long_long,3,515,0.0,Logit,54,0.4330097087378641,0.24598995126742476,0.38224657034194914,0.2570732473589093,0.13703674544592612
English-UK,Helen,UK_long_long,3,515,0.0,Continuous,54,0.201294498381877,0.06899961803063309,0.03097138853098929,0.02047835027698042,0.13043298447369364
English-UK,Helen,UK_long_long,5,515,0.0,LPM,54,0.5145631067961165,0.2502738846284613,0.1393509400709634,0.022197011746737612,3.4314469583882157e-10
English-UK,Helen,UK_long_long,5,515,0.0,Logit,54,0.5145631067961165,0.2502738846284613,0.5428262321701074,0.2654637397436431,0.04087235912084542
English-UK,Helen,UK_long_long,5,515,0.0,Continuous,54,0.1887378640776699,0.053024668505156594,0.031956309098074565,0.010717493197141725,0.0028665627023096683
English-UK,Helen,UK_long_long,7,515,0.0,LPM,54,0.5553398058252427,0.24741792905443694,0.061814941824744216,0.04935899586090594,0.21044085643599708
English-UK,Helen,UK_long_long,7,515,0.0,Logit,54,0.5553398058252427,0.24741792905443694,0.10916539301556918,0.2664990091463655,0.6820790276299908
English-UK,Helen,UK_long_long,7,515,0.0,Continuous,54,0.18391123439667126,0.04810084813646663,0.018681452598763998,0.013194888659214699,0.15683120118406477
English-UK,Helen,UK_long_long,10,515,0.0,LPM,54,0.625242718446602,0.23477012579804316,0.10196569560383235,0.05237802990763991,0.051567540226482356
English-UK,Helen,UK_long_long,10,515,0.0,Logit,54,0.625242718446602,0.23477012579804316,0.4213169750832502,0.28583675567230427,0.14048762241147408
English-UK,Helen,UK_long_long,10,515,0.0,Continuous,54,0.18194174757281556,0.04198844017981942,0.01985828149320456,0.012686161741520227,0.11750089837775408
English-UK,Helen,UK_long_long,15,515,0.0,LPM,54,0.7029126213592233,0.2092327452684069,0.03658735868400712,0.06498734930719624,0.57344032183143
English-UK,Helen,UK_long_long,15,515,0.0,Logit,54,0.7029126213592233,0.2092327452684069,0.3871788434429376,0.3882492724306736,0.3186466058440901
English-UK,Helen,UK_long_long,15,515,0.0,Continuous,54,0.1818770226537217,0.03937692821074634,0.004185651666674544,0.016122862963085363,0.7951648509256406
English-UK,Helen,UK_long_long,20,515,0.0,LPM,54,0.7456310679611651,0.19003437724302058,-0.012476811139434878,0.06217889910867935,0.8409645238313914
English-UK,Helen,UK_long_long,20,515,0.0,Logit,54,0.7456310679611651,0.19003437724302058,0.045163581820429705,0.44763157371962414,0.9196341772620286
English-UK,Helen,UK_long_long,20,515,0.0,Continuous,54,0.18019417475728156,0.037427977787012214,0.007445726632426276,0.01937571984342627,0.7007699731954984
English-UK,Jack,UK_short_obs,3,401,0.0024937655860349127,LPM,47,0.2543640897755611,0.1901371571072319,-0.04731816506288841,0.04433901544306329,0.28588593352068825
English-UK,Jack,UK_short_obs,3,401,0.0024937655860349127,Logit,47,0.2543640897755611,0.1901371571072319,0.07950374975727834,0.3542854510925035,0.822441470888189
English-UK,Jack,UK_short_obs,3,401,0.0024937655860349127,Continuous,47,0.10972568578553614,0.043485730119146575,-0.052045145641324626,0.030808761766026864,0.09116254780649526
English-UK,Jack,UK_short_obs,5,401,0.004987531172069825,LPM,47,0.3516209476309227,0.22855361596009974,0.011286905853356705,0.039023511836347724,0.772402718293309
English-UK,Jack,UK_short_obs,5,401,0.004987531172069825,Logit,47,0.3516209476309227,0.22855361596009974,0.3426016742461695,0.35687078587756543,0.33704714845573147
English-UK,Jack,UK_short_obs,5,401,0.004987531172069825,Continuous,47,0.11234413965087281,0.03310349127182045,-0.022910861272329767,0.02732091340244696,0.40170319443024083
English-UK,Jack,UK_short_obs,7,401,0.004987531172069825,LPM,47,0.42643391521197005,0.24519950124688278,-0.018983289934058095,0.03958660193461883,0.6315557615636398
English-UK,Jack,UK_short_obs,7,401,0.004987531172069825,Logit,47,0.42643391521197005,0.24519950124688278,-0.029396672402928786,0.3479191127753009,0.9326645988251153
English-UK,Jack,UK_short_obs,7,401,0.004987531172069825,Continuous,47,0.10928037050231564,0.02650052165504605,-0.028721061295104496,0.026364052531360052,0.2759764870002497
English-UK,Jack,UK_short_obs,10,401,0.004987531172069825,LPM,47,0.46384039900249374,0.2493142144638404,0.02246029233364827,0.042902412765904334,0.6006120930152257
English-UK,Jack,UK_short_obs,10,401,0.004987531172069825,Logit,47,0.46384039900249374,0.2493142144638404,0.29065686709531147,0.3492729959457886,0.4053091845400636
English-UK,Jack,UK_short_obs,10,401,0.004987531172069825,Continuous,47,0.10635910224438905,0.02346571072319202,-0.027414837908012732,0.024765599729171348,0.26830581710453183
English-UK,Jack,UK_short_obs,15,401,0.007481296758104738,LPM,47,0.49625935162094764,0.2506109725685786,-0.0012497969547413668,0.045248248638498835,0.9779645192158234
English-UK,Jack,UK_short_obs,15,401,0.007481296758104738,Logit,47,0.49625935162094764,0.2506109725685786,-0.04322428884850197,0.3396036510047479,0.8987198702494053
English-UK,Jack,UK_short_obs,15,401,0.007481296758104738,Continuous,47,0.09642560266001662,0.01746358063175395,-0.029614249579590718,0.021473116224954857,0.16785423351616058
English-UK,Jack,UK_short_obs,20,401,0.00997506234413965,LPM,47,0.5386533665835411,0.24912718204488776,0.0337074937856115,0.044932211685104154,0.45314298924482277
English-UK,Jack,UK_short_obs,20,401,0.00997506234413965,Logit,47,0.5386533665835411,0.24912718204488776,0.12908279334326145,0.3217000923264436,0.6882346271522919
English-UK,Jack,UK_short_obs,20,401,0.00997506234413965,Continuous,47,0.09214901343133396,0.014756527013107425,-0.02037580256761829,0.016329068119503208,0.21209552943279109
English-UK,Jason,UK_short_obs,3,320,0.0,LPM,45,0.25,0.18808777429467086,0.019009392155012378,0.03453846590499042,0.5820565538769256
English-UK,Jason,UK_short_obs,3,320,0.0,Logit,45,0.25,0.18808777429467086,0.22125371464293933,0.304208064793787,0.46703577754372405
English-UK,Jason,UK_short_obs,3,320,0.0,Continuous,45,0.103125,0.03844370428422152,0.011191636698929204,0.013796960642807648,0.41726987679068117
English-UK,Jason,UK_short_obs,5,320,0.003125,LPM,45,0.353125,0.22914380877742946,0.07885065393780732,0.04037604484385254,0.0508306356808585
English-UK,Jason,UK_short_obs,5,320,0.003125,Logit,45,0.353125,0.22914380877742946,0.5608604095041225,0.3009919547185625,0.06240974628606587
English-UK,Jason,UK_short_obs,5,320,0.003125,Continuous,45,0.10229166666666667,0.027218695576454198,0.015663495328232545,0.01321835239933675,0.2360249926334983
English-UK,Jason,UK_short_obs,7,320,0.003125,LPM,45,0.409375,0.24254506269592474,0.04564060857345445,0.04378950059442826,0.2972851856371991
English-UK,Jason,UK_short_obs,7,320,0.003125,Logit,45,0.409375,0.24254506269592474,0.3726890639054032,0.3011158235465971,0.21582977165956052
English-UK,Jason,UK_short_obs,7,320,0.003125,Continuous,45,0.0956845238095238,0.02020892866028334,0.005326415692435894,0.01492739975768898,0.7212255139582506
English-UK,Jason,UK_short_obs,10,320,0.0125,LPM,45,0.459375,0.24912813479623824,0.0355624819312953,0.04350410491550484,0.4136706373817558
English-UK,Jason,UK_short_obs,10,320,0.0125,Logit,45,0.459375,0.24912813479623824,0.2969576993533706,0.3062713571366812,0.33225081121554556
English-UK,Jason,UK_short_obs,10,320,0.0125,Continuous,45,0.09318452380952381,0.019916155751746885,0.0003718999651481092,0.017997330305284876,0.9835135479119005
English-UK,Jason,UK_short_obs,15,320,0.0375,LPM,45,0.56875,0.24604231974921634,-0.019660107589725584,0.06015688459534457,0.7438086264011166
English-UK,Jason,UK_short_obs,15,320,0.0375,Logit,45,0.56875,0.24604231974921634,0.0034302773434060204,0.3589630330830649,0.9923754720571439
English-UK,Jason,UK_short_obs,15,320,0.0375,Continuous,45,0.09362887112887112,0.016218383900613895,-0.00043514870366644087,0.015906144725823055,0.9781747786930894
English-UK,Jason,UK_short_obs,20,320,0.059375,LPM,45,0.621875,0.23588362068965513,-0.06274338441790572,0.06042903571507178,0.2991310507664171
English-UK,Jason,UK_short_obs,20,320,0.059375,Logit,45,0.621875,0.23588362068965513,-0.4575295495357107,0.38304476051133096,0.23230021698985748
English-UK,Jason,UK_short_obs,20,320,0.059375,Continuous,45,0.093369139769222,0.014460204032989223,0.0022264796053193814,0.014143320327260105,0.8749117282492016
English-UK,Jonathan,UK_short_obs,3,240,0.0,LPM,39,0.425,0.2453974895397489,-0.06306564059744056,0.1251041655420402,0.6141875641688643
English-UK,Jonathan,UK_short_obs,3,240,0.0,Logit,39,0.425,0.2453974895397489,-0.34456534683717793,0.4356457640415303,0.42898478366647164
English-UK,Jonathan,UK_short_obs,3,240,0.0,Continuous,39,0.19444444444444445,0.06710057337672401,-0.03486073854502034,0.056918485800005456,0.540228310186992
English-UK,Jonathan,UK_short_obs,5,240,0.0,LPM,39,0.55,0.24853556485355655,0.08568057661278403,0.05913474466622206,0.1473643536691933
English-UK,Jonathan,UK_short_obs,5,240,0.0,Logit,39,0.55,0.24853556485355655,0.25659871002242673,0.4608312387974023,0.5776524051692027
English-UK,Jonathan,UK_short_obs,5,240,0.0,Continuous,39,0.20083333333333334,0.049036959553695955,-0.006090573224732641,0.02999654457057171,0.8391018184049728
English-UK,Jonathan,UK_short_obs,7,240,0.0,LPM,39,0.6083333333333333,0.23926080892608098,0.13026450064602121,0.06095105638434672,0.032581857510481975
English-UK,Jonathan,UK_short_obs,7,240,0.0,Logit,39,0.6083333333333333,0.23926080892608098,0.576480215786382,0.49205901670352875,0.24137085396930447
English-UK,Jonathan,UK_short_obs,7,240,0.0,Continuous,39,0.21071428571428572,0.051050294594825366,-0.01463405782428221,0.04565586540967177,0.7485668697762816
English-UK,Jonathan,UK_short_obs,10,240,0.0,LPM,39,0.6583333333333333,0.2258716875871687,0.1476740235685039,0.06878085110254598,0.031791503497701046
English-UK,Jonathan,UK_short_obs,10,240,0.0,Logit,39,0.6583333333333333,0.2258716875871687,0.7739674976598186,0.5457770300376075,0.15616098755036492
English-UK,Jonathan,UK_short_obs,10,240,0.0,Continuous,39,0.20041666666666663,0.04548099721059972,-0.019020769266708575,0.04328762853623462,0.6603686255498409
English-UK,Jonathan,UK_short_obs,15,240,0.0,LPM,39,0.7041666666666667,0.20918758716875865,0.08211737963541801,0.056419663631180214,0.14553795491249238
English-UK,Jonathan,UK_short_obs,15,240,0.0,Logit,39,0.7041666666666667,0.20918758716875865,0.4595346599642142,0.5861341549357344,0.4330346218684378
English-UK,Jonathan,UK_short_obs,15,240,0.0,Continuous,39,0.1925,0.041208042770804275,-0.01627512362046634,0.03905788224248829,0.6769033966207334
English-UK,Jonathan,UK_short_obs,20,240,0.0,LPM,39,0.7458333333333333,0.19035913528591358,0.10554773369070604,0.06238207294365369,0.09065432944253188
English-UK,Jonathan,UK_short_obs,20,240,0.0,Logit,39,0.7458333333333333,0.19035913528591358,0.9616890263401844,0.7031808795990254,0.17142891870095578
English-UK,Jonathan,UK_short_obs,20,240,0.0,Continuous,39,0.18458333333333332,0.03808769177126917,-0.01614556523191591,0.04459979829281237,0.7173446874603163
English-UK,Laura,UK_short_obs,3,588,0.0,LPM,53,0.34523809523809523,0.2264338444065872,0.13084764489368095,0.07337706458004281,0.07455006385253624
English-UK,Laura,UK_short_obs,3,588,0.0,Logit,53,0.34523809523809523,0.2264338444065872,0.6848884051207326,0.2626777810519317,0.009125061236825518
English-UK,Laura,UK_short_obs,3,588,0.0,Continuous,53,0.15419501133786848,0.056440823537440704,0.058973470363098635,0.03267949622203985,0.07113705139634639
English-UK,Laura,UK_short_obs,5,588,0.0,LPM,53,0.4370748299319728,0.24645957190371892,0.1417570009488882,0.06756063704217771,0.03588581878419723
English-UK,Laura,UK_short_obs,5,588,0.0,Logit,53,0.4370748299319728,0.24645957190371892,0.6723109781220394,0.25492368841784846,0.008356817843874174
English-UK,Laura,UK_short_obs,5,588,0.0,Continuous,53,0.14387755102040814,0.039843201335048505,0.03670517808386575,0.03758830341544212,0.3288141150930708
English-UK,Laura,UK_short_obs,7,588,0.0,LPM,53,0.5034013605442177,0.2504143054155223,0.12418079706433316,0.058824982156232115,0.0347704712217386
English-UK,Laura,UK_short_obs,7,588,0.0,Logit,53,0.5034013605442177,0.2504143054155223,0.5345108321044612,0.2593429508216886,0.03930119696383822
English-UK,Laura,UK_short_obs,7,588,0.0,Continuous,53,0.14528668610301262,0.033370299759162426,0.017027284738661108,0.03377900403748094,0.6142059015781003
English-UK,Laura,UK_short_obs,10,588,0.0,LPM,53,0.5714285714285714,0.2453151618398637,0.13127955204957925,0.05036342040186635,0.009143413298094514
English-UK,Laura,UK_short_obs,10,588,0.0,Logit,53,0.5714285714285714,0.2453151618398637,0.4984458586379146,0.2712408647609764,0.06611395061427848
English-UK,Laura,UK_short_obs,10,588,0.0,Continuous,53,0.141156462585034,0.026889290639594852,0.004997774119951642,0.03213203706838445,0.8763966752843453
English-UK,Laura,UK_short_obs,15,588,0.0,LPM,53,0.6258503401360545,0.234560604480293,0.16528220502583285,0.03199536476017664,2.393906921760439e-07
English-UK,Laura,UK_short_obs,15,588,0.0,Logit,53,0.6258503401360545,0.234560604480293,0.805144996239307,0.2910444459130446,0.005667917962094924
English-UK,Laura,UK_short_obs,15,588,0.0,Continuous,53,0.13707482993197279,0.022707915647803698,-0.0010027270499016888,0.033920643473315075,0.9764171948721039
English-UK,Laura,UK_short_obs,20,588,0.0,LPM,53,0.6598639455782312,0.22482587583585395,0.16000864291095057,0.038002107129812904,2.5478324534375636e-05
English-UK,Laura,UK_short_obs,20,588,0.0,Logit,53,0.6598639455782312,0.22482587583585395,0.9567486607879453,0.3124556610739978,0.0021984129375927667
English-UK,Laura,UK_short_obs,20,588,0.0,Continuous,53,0.1320578231292517,0.020874293073277008,-0.00879171152156101,0.0335833442402834,0.7934850059349083
English-UK,Neville,UK_short_obs,3,1330,0.0,LPM,63,0.21203007518796993,0.16719903596462946,-0.015510542177310183,0.021191481098537072,0.46421528591255445
English-UK,Neville,UK_short_obs,3,1330,0.0,Logit,63,0.21203007518796993,0.16719903596462946,-0.21218173015693664,0.20276257679475884,0.2953514254012122
English-UK,Neville,UK_short_obs,3,1330,0.0,Continuous,63,0.0924812030075188,0.03951369519861856,-0.003138092682783979,0.007742181064707287,0.6852392832972048
English-UK,Neville,UK_short_obs,5,1330,0.0,LPM,63,0.26090225563909775,0.1929773644042386,-0.030436007097802704,0.028840114310346176,0.2912717418942118
English-UK,Neville,UK_short_obs,5,1330,0.0,Logit,63,0.26090225563909775,0.1929773644042386,-0.29074981673660133,0.18666473423416877,0.11932704820043323
English-UK,Neville,UK_short_obs,5,1330,0.0,Continuous,63,0.08210526315789475,0.026602035562948,-0.0034203699117245443,0.00791198316296125,0.6655215878181271
English-UK,Neville,UK_short_obs,7,1330,0.0,LPM,63,0.3015037593984962,0.21075770690835438,-0.04099101493063331,0.028161566103385785,0.145512664130407
English-UK,Neville,UK_short_obs,7,1330,0.0,Logit,63,0.3015037593984962,0.21075770690835438,-0.3210459151497682,0.1768240765946366,0.06942817546820759
English-UK,Neville,UK_short_obs,7,1330,0.0,Continuous,63,0.07583243823845327,0.019797547491985132,0.00040407937391525803,0.006196422087102392,0.9480054257001016
English-UK,Neville,UK_short_obs,10,1330,0.0,LPM,63,0.3398496240601504,0.22452066961987363,-0.034133251104506115,0.058603587454080994,0.5602683039756924
English-UK,Neville,UK_short_obs,10,1330,0.0,Logit,63,0.3398496240601504,0.22452066961987363,-0.2634727264338542,0.17114885682051637,0.12369786978049993
English-UK,Neville,UK_short_obs,10,1330,0.0,Continuous,63,0.06819548872180452,0.0149621287982937,-0.000618273085512721,0.0055326177920573625,0.9110211965942868
English-UK,Neville,UK_short_obs,15,1330,0.0015037593984962407,LPM,63,0.4052631578947368,0.24120628885984713,-0.043564479415991855,0.07353011115581062,0.5535350440103273
English-UK,Neville,UK_short_obs,15,1330,0.0015037593984962407,Logit,63,0.4052631578947368,0.24120628885984713,-0.28522064686656934,0.16569195670077932,0.08517989212768824
English-UK,Neville,UK_short_obs,15,1330,0.0015037593984962407,Continuous,63,0.06456140350877193,0.01237412819734312,-0.0005084640271481658,0.005233786884352496,0.9226070268342427
English-UK,Neville,UK_short_obs,20,1330,0.002255639097744361,LPM,63,0.44511278195488724,0.2471732378349938,-0.04044734514542721,0.07017548040391436,0.5643621948534712
English-UK,Neville,UK_short_obs,20,1330,0.002255639097744361,Logit,63,0.44511278195488724,0.2471732378349938,-0.2721510389376193,0.16603725975865105,0.10119322958759427
English-UK,Neville,UK_short_obs,20,1330,0.002255639097744361,Continuous,63,0.06011941618752764,0.010185389328805623,-0.0006110811560306635,0.004595851759362627,0.8942221401173842
English-UK,Nicole,UK_long_long,3,1564,0.0019181585677749361,LPM,71,0.28964194373401536,0.2058811257124063,0.04918521355667971,0.02269727246555864,0.030234101198554634
English-UK,Nicole,UK_long_long,3,1564,0.0019181585677749361,Logit,71,0.28964194373401536,0.2058811257124063,0.29364135964309007,0.14198252403866196,0.03862578614210246
English-UK,Nicole,UK_long_long,3,1564,0.0019181585677749361,Continuous,71,0.12766410912190962,0.05055005302537346,0.028978181146120607,0.01362770204254256,0.03346852998496554
English-UK,Nicole,UK_long_long,5,1564,0.005754475703324808,LPM,71,0.36445012787723785,0.23177442553421265,0.08551253472250323,0.021134158167627617,5.20609796303451e-05
English-UK,Nicole,UK_long_long,5,1564,0.005754475703324808,Logit,71,0.36445012787723785,0.23177442553421265,0.4328334488271209,0.1378647713734902,0.0016920709275177704
English-UK,Nicole,UK_long_long,5,1564,0.005754475703324808,Continuous,71,0.1131393861892583,0.032292057334491836,0.035418391964838,0.010418027548124988,0.0006745452683266846
English-UK,Nicole,UK_long_long,7,1564,0.0076726342710997444,LPM,71,0.42455242966751916,0.24446397101776535,0.09787061328004547,0.03322803864600953,0.0032251391283377464
English-UK,Nicole,UK_long_long,7,1564,0.0076726342710997444,Logit,71,0.42455242966751916,0.24446397101776535,0.45711088121012516,0.13626283648793877,0.000794722940418655
English-UK,Nicole,UK_long_long,7,1564,0.0076726342710997444,Continuous,71,0.10588691998538545,0.024020031749567794,0.031277447088469836,0.012469804299821708,0.01213291259614198
English-UK,Nicole,UK_long_long,10,1564,0.008951406649616368,LPM,71,0.49168797953964194,0.2500908149289926,0.08499528576272589,0.021122235512723284,5.722470670853366e-05
English-UK,Nicole,UK_long_long,10,1564,0.008951406649616368,Logit,71,0.49168797953964194,0.2500908149289926,0.35610969620704724,0.135780834192724,0.008724113626700414
English-UK,Nicole,UK_long_long,10,1564,0.008951406649616368,Continuous,71,0.10427018633540372,0.01903443974926939,0.02392978725279556,0.012394110692665142,0.053515393568285
English-UK,Nicole,UK_long_long,15,1564,0.010869565217391304,LPM,71,0.5658567774936062,0.24582005880880267,0.1023345873709858,0.022811329699911145,7.252854496641229e-06
English-UK,Nicole,UK_long_long,15,1564,0.010869565217391304,Logit,71,0.5658567774936062,0.24582005880880267,0.4652864345676319,0.14069064708545512,0.0009424715374956214
English-UK,Nicole,UK_long_long,15,1564,0.010869565217391304,Continuous,71,0.10122244549993911,0.015458740161989672,0.027092027086130115,0.010740580689169386,0.011655750603972701
English-UK,Nicole,UK_long_long,20,1564,0.014705882352941176,LPM,71,0.6067774936061381,0.23875122109262634,0.0963768441872297,0.026834526248802726,0.00032874993560607464
English-UK,Nicole,UK_long_long,20,1564,0.014705882352941176,Logit,71,0.6067774936061381,0.23875122109262634,0.4904760643275558,0.14460709592019777,0.0006943910538935928
English-UK,Nicole,UK_long_long,20,1564,0.014705882352941176,Continuous,71,0.1003947955993992,0.014189118334144088,0.025318071476308626,0.01002866933916296,0.011584013852596674
English-UK,Penny,UK_short_obs,3,357,0.0,LPM,40,0.5182072829131653,0.2503698108456866,-0.013044913414275994,0.06270372494068763,0.8351973555654051
English-UK,Penny,UK_short_obs,3,357,0.0,Logit,40,0.5182072829131653,0.2503698108456866,-0.11761452892941184,0.2668056698923174,0.6593399117182058
English-UK,Penny,UK_short_obs,3,357,0.0,Continuous,40,0.2941176470588235,0.11269001982815598,-0.024050991885305434,0.0510652087901718,0.6376508240259086
English-UK,Penny,UK_short_obs,5,357,0.0,LPM,40,0.6106442577030813,0.2384257073615963,0.0416182640294154,0.06128056679971612,0.49704730005315423
English-UK,Penny,UK_short_obs,5,357,0.0,Logit,40,0.6106442577030813,0.2384257073615963,0.14939893069801147,0.2906524004185633,0.6072433385648215
English-UK,Penny,UK_short_obs,5,357,0.0,Continuous,40,0.2694677871148459,0.08841909797626916,-0.002612578315107139,0.05141890918002442,0.9594771774147818
English-UK,Penny,UK_short_obs,7,357,0.0,LPM,40,0.6498599439775911,0.22818116010449122,7.327750147870238e-05,0.07624894069038943,0.9992332093068458
English-UK,Penny,UK_short_obs,7,357,0.0,Logit,40,0.6498599439775911,0.22818116010449122,-0.0388918374362937,0.3057712168911647,0.8987879586506399
English-UK,Penny,UK_short_obs,7,357,0.0,Continuous,40,0.2605042016806723,0.08139660358525433,-0.0009676453403937302,0.05127495048533785,0.9849434578679882
English-UK,Penny,UK_short_obs,10,357,0.0,LPM,40,0.6722689075630253,0.2209423095080729,-0.0009329106478605798,0.08143177370225725,0.9908593576375302
English-UK,Penny,UK_short_obs,10,357,0.0,Logit,40,0.6722689075630253,0.2209423095080729,-0.025515419719056364,0.3181264535935137,0.9360739947776798
English-UK,Penny,UK_short_obs,10,357,0.0,Continuous,40,0.24901960784313726,0.07306785635602556,0.004154171826353803,0.041900956534395295,0.9210250098703697
English-UK,Penny,UK_short_obs,15,357,0.008403361344537815,LPM,40,0.7282913165266106,0.19843892613225061,-0.003930884557591496,0.07607498009468144,0.9587906956350389
English-UK,Penny,UK_short_obs,15,357,0.008403361344537815,Logit,40,0.7282913165266106,0.19843892613225061,0.41244874338450055,0.5279290300374774,0.4346508058053574
English-UK,Penny,UK_short_obs,15,357,0.008403361344537815,Continuous,40,0.2332399626517274,0.05649499749962406,0.013771913230644112,0.023573540271410346,0.5590785987076478
English-UK,Penny,UK_short_obs,20,357,0.008403361344537815,LPM,40,0.7507002801120448,0.1876750700280112,-0.018497190496783167,0.08004230521269884,0.8172428049253508
English-UK,Penny,UK_short_obs,20,357,0.008403361344537815,Logit,40,0.7507002801120448,0.1876750700280112,0.5558130449168395,0.6567932422229796,0.39741179661590564
English-UK,Penny,UK_short_obs,20,357,0.008403361344537815,Continuous,40,0.2260504201680672,0.048069469360778015,0.02467737092409189,0.01747181711009787,0.15782924474661364
English-UK,Samantha,UK_short_obs,3,1386,0.0,LPM,65,0.3297258297258297,0.2211662785670006,-0.036336067448278046,0.028260421706052436,0.19852748097116812
English-UK,Samantha,UK_short_obs,3,1386,0.0,Logit,65,0.3297258297258297,0.2211662785670006,-0.1563160433629715,0.14335167050792105,0.27552045169372297
English-UK,Samantha,UK_short_obs,3,1386,0.0,Continuous,65,0.16185666185666184,0.06949148814371438,-0.026468082685932287,0.014214451671553828,0.06259541862038277
English-UK,Samantha,UK_short_obs,5,1386,0.0,LPM,65,0.4148629148629149,0.242926948703122,-0.027687279355995242,0.0597968962307105,0.643348587436859
English-UK,Samantha,UK_short_obs,5,1386,0.0,Logit,65,0.4148629148629149,0.242926948703122,-0.20344471707572037,0.1456363317597594,0.16243264765401766
English-UK,Samantha,UK_short_obs,5,1386,0.0,Continuous,65,0.15281385281385282,0.05273214871770829,-0.019819810788879517,0.01100755994012254,0.0717717045535278
English-UK,Samantha,UK_short_obs,7,1386,0.0,LPM,65,0.4675324675324675,0.24912560363823905,-0.01594438907644638,0.0672591025917016,0.8126108636546009
English-UK,Samantha,UK_short_obs,7,1386,0.0,Logit,65,0.4675324675324675,0.24912560363823905,-0.14071385181595297,0.15387232291864178,0.36046232721247196
English-UK,Samantha,UK_short_obs,7,1386,0.0,Continuous,65,0.14801071943929084,0.04747949971555658,-0.011148338385908639,0.012341114069242163,0.3663404689839649
English-UK,Samantha,UK_short_obs,10,1386,0.0,LPM,65,0.5202020202020202,0.2497720891222696,0.00969660291647724,0.0651326541128407,0.8816525224492167
English-UK,Samantha,UK_short_obs,10,1386,0.0,Logit,65,0.5202020202020202,0.2497720891222696,0.06331755510088265,0.1614456950271915,0.6949170636654227
English-UK,Samantha,UK_short_obs,10,1386,0.0,Continuous,65,0.14343434343434341,0.04221317871859388,-0.005373772942622479,0.015172904432664227,0.723212206947287
English-UK,Samantha,UK_short_obs,15,1386,0.0007215007215007215,LPM,65,0.5844155844155844,0.24304936940315996,-0.021937672818415938,0.06736975799150195,0.7447036542201598
English-UK,Samantha,UK_short_obs,15,1386,0.0007215007215007215,Logit,65,0.5844155844155844,0.24304936940315996,-0.1580248288103509,0.18309217446332318,0.3880885743115654
English-UK,Samantha,UK_short_obs,15,1386,0.0007215007215007215,Continuous,65,0.14021164021164023,0.037488154133160145,-0.004413159270209108,0.014634119820154818,0.7629826021864273
English-UK,Samantha,UK_short_obs,20,1386,0.001443001443001443,LPM,65,0.6320346320346321,0.23273477425101974,-0.027835024229396696,0.06796602874703475,0.6821410779273036
English-UK,Samantha,UK_short_obs,20,1386,0.001443001443001443,Logit,65,0.6320346320346321,0.23273477425101974,-0.19046846639660628,0.20217208318123683,0.3461360084371288
English-UK,Samantha,UK_short_obs,20,1386,0.001443001443001443,Continuous,65,0.13784271284271285,0.035940541307869826,-0.004334049279136994,0.015524548483597645,0.780111346080655
English-UK,Sean,UK_short_obs,3,4918,0.0,LPM,94,0.32574217161447744,0.21967887758259244,0.005951814926169174,0.02744329980036131,0.8283043615173474
English-UK,Sean,UK_short_obs,3,4918,0.0,Logit,94,0.32574217161447744,0.21967887758259244,0.007645704069388488,0.08140410630832697,0.9251704579775032
English-UK,Sean,UK_short_obs,3,4918,0.0,Continuous,94,0.15195879083638333,0.06177943128905353,0.0057746284665866465,0.01437823350542558,0.6879615417655047
English-UK,Sean,UK_short_obs,5,4918,0.00040666937779585197,LPM,94,0.4211061407076047,0.24382533711501947,0.050866840193034356,0.03807969604040612,0.18161480562623666
English-UK,Sean,UK_short_obs,5,4918,0.00040666937779585197,Logit,94,0.4211061407076047,0.24382533711501947,0.16880061452961928,0.0782502340482933,0.030990871137541346
English-UK,Sean,UK_short_obs,5,4918,0.00040666937779585197,Continuous,94,0.14985766571777145,0.04640847181646491,0.013424809488690605,0.012457195250346272,0.28117876172760803
English-UK,Sean,UK_short_obs,7,4918,0.00040666937779585197,LPM,94,0.47864985766571777,0.24959492272826933,0.03159838813033083,0.04386182285183546,0.4712741057467723
English-UK,Sean,UK_short_obs,7,4918,0.00040666937779585197,Logit,94,0.47864985766571777,0.24959492272826933,0.0513003191739125,0.07724734226350834,0.5066233344091274
English-UK,Sean,UK_short_obs,7,4918,0.00040666937779585197,Continuous,94,0.14689478882240165,0.03995838508090641,0.00980983768038114,0.013332715839903423,0.4618695241397528
English-UK,Sean,UK_short_obs,10,4918,0.0008133387555917039,LPM,94,0.5394469296461977,0.24849446728668656,0.01570878593721871,0.05860137353273726,0.7886517982884086
English-UK,Sean,UK_short_obs,10,4918,0.0008133387555917039,Logit,94,0.5394469296461977,0.24849446728668656,0.002472137508423409,0.07952249462807467,0.9751999393568593
English-UK,Sean,UK_short_obs,10,4918,0.0008133387555917039,Continuous,94,0.14292395282635217,0.03465717085904263,0.008997912514925802,0.013711816017914567,0.5116851811672212
English-UK,Sean,UK_short_obs,15,4918,0.0026433509556730377,LPM,94,0.6051240341602278,0.23899753393108852,-0.001043279227182843,0.060534857013275274,0.9862496547761415
English-UK,Sean,UK_short_obs,15,4918,0.0026433509556730377,Logit,94,0.6051240341602278,0.23899753393108852,0.04307108908266803,0.08779581951577557,0.6237217948293172
English-UK,Sean,UK_short_obs,15,4918,0.0026433509556730377,Continuous,94,0.14077054164488081,0.031054226733487417,0.013522044918938715,0.01377075940134682,0.32612992935979845
English-UK,Sean,UK_short_obs,20,4918,0.0026433509556730377,LPM,94,0.6464009760065067,0.22861323922621826,-0.014441614998657024,0.057993698449802046,0.8033449879439651
English-UK,Sean,UK_short_obs,20,4918,0.0026433509556730377,Logit,94,0.6464009760065067,0.22861323922621826,0.0644538979293392,0.09651258562006862,0.5042427899030903
English-UK,Sean,UK_short_obs,20,4918,0.0026433509556730377,Continuous,94,0.13815430198106082,0.028032160362662473,0.014710309853369685,0.012109109034057592,0.2244372078690634
English-UK,Stella,UK_short_obs,3,1484,0.0,LPM,64,0.305256064690027,0.212217803570747,0.07990068123783906,0.039868903026762166,0.045060927155247774
English-UK,Stella,UK_short_obs,3,1484,0.0,Logit,64,0.305256064690027,0.212217803570747,0.4785277402722837,0.15516490197997684,0.0020424121209631895
English-UK,Stella,UK_short_obs,3,1484,0.0,Continuous,64,0.13769092542677447,0.05437824141306373,0.02742310640049331,0.017170190502175012,0.1102356932532513
English-UK,Stella,UK_short_obs,5,1484,0.0,LPM,64,0.37129380053908356,0.23359212131015844,0.08706432400290023,0.03576800615278603,0.014927232393527574
English-UK,Stella,UK_short_obs,5,1484,0.0,Logit,64,0.37129380053908356,0.23359212131015844,0.43213018703680295,0.14931887735324603,0.0038035716150917865
English-UK,Stella,UK_short_obs,5,1484,0.0,Continuous,64,0.12318059299191375,0.03660322832169803,0.022046821792538078,0.012086506729388985,0.06813914577220331
English-UK,Stella,UK_short_obs,7,1484,0.0006738544474393531,LPM,64,0.433288409703504,0.2457151399599777,0.062363922103019415,0.03367907295147124,0.06406728134315665
English-UK,Stella,UK_short_obs,7,1484,0.0006738544474393531,Logit,64,0.433288409703504,0.2457151399599777,0.26096471424026674,0.14106350643413618,0.06431638257390744
English-UK,Stella,UK_short_obs,7,1484,0.0006738544474393531,Continuous,64,0.11949685534591194,0.029918621053004805,0.012385132388769503,0.009573887031904808,0.1957909119642699
English-UK,Stella,UK_short_obs,10,1484,0.0006738544474393531,LPM,64,0.4925876010781671,0.25011359650159126,0.07921754237189496,0.04252670404275443,0.06249438799568071
English-UK,Stella,UK_short_obs,10,1484,0.0006738544474393531,Logit,64,0.4925876010781671,0.25011359650159126,0.3125053464536041,0.1428917357052979,0.028741951569942328
English-UK,Stella,UK_short_obs,10,1484,0.0006738544474393531,Continuous,64,0.1155884995507637,0.024142839169366225,0.0152297880997239,0.008716283288163833,0.0805887679350189
English-UK,Stella,UK_short_obs,15,1484,0.0013477088948787063,LPM,64,0.5579514824797843,0.2468079383052856,0.0968616042245401,0.042376498144342085,0.02226954639615075
English-UK,Stella,UK_short_obs,15,1484,0.0013477088948787063,Logit,64,0.5579514824797843,0.2468079383052856,0.44135967411967575,0.14828718900139382,0.00291669032101443
English-UK,Stella,UK_short_obs,15,1484,0.0013477088948787063,Continuous,64,0.11482479784366577,0.020767564997898717,0.0206610657307862,0.007101716261782546,0.0036223212235038963
English-UK,Stella,UK_short_obs,20,1484,0.0013477088948787063,LPM,64,0.6017520215633423,0.23980812187723216,0.09518872194434258,0.03845941838961695,0.01332200607167127
English-UK,Stella,UK_short_obs,20,1484,0.0013477088948787063,Logit,64,0.6017520215633423,0.23980812187723216,0.4996057939810052,0.150400337419147,0.000894260912020898
English-UK,Stella,UK_short_obs,20,1484,0.0013477088948787063,Continuous,64,0.1128930817610063,0.019067941209317055,0.02189717264763563,0.005347303080302386,4.221797921487058e-05
English-UK,Thomas,UK_long_long,3,166827,0.0009770600682143778,LPM,136,0.29922614444904,0.2096911158647235,0.011134556955766275,0.005927240989507879,0.060307384176813764
English-UK,Thomas,UK_long_long,3,166827,0.0009770600682143778,Logit,136,0.29922614444904,0.2096911158647235,-0.029638801731777978,0.01415985921131542,0.03633518402908955
English-UK,Thomas,UK_long_long,3,166827,0.0009770600682143778,Continuous,136,0.13644174304319243,0.05530570290871467,0.00402257159713787,0.007352190405970139,0.5842924447878091
English-UK,Thomas,UK_long_long,5,166827,0.0016304315248730722,LPM,136,0.3821204001750316,0.23610581521850363,0.01610792970800856,0.015717940196712007,0.3054520238794156
English-UK,Thomas,UK_long_long,5,166827,0.0016304315248730722,Logit,136,0.3821204001750316,0.23610581521850363,-0.04983567918998057,0.013554280829088775,0.00023622590188042162
English-UK,Thomas,UK_long_long,5,166827,0.0016304315248730722,Continuous,136,0.1308742989244347,0.04106468948955393,0.00427450705836235,0.008948828836290343,0.6328914647070432
English-UK,Thomas,UK_long_long,7,166827,0.002343745317005041,LPM,136,0.4392214689468731,0.2463074465873834,0.01526141869629799,0.02692762436214669,0.5708793115549614
English-UK,Thomas,UK_long_long,7,166827,0.002343745317005041,Logit,136,0.4392214689468731,0.2463074465873834,-0.05973308071558554,0.013558991148000016,1.0557803691671513e-05
English-UK,Thomas,UK_long_long,7,166827,0.002343745317005041,Continuous,136,0.1274228192478835,0.03474996906926668,0.0053328702564127955,0.009836647900217146,0.5877199666178804
English-UK,Thomas,UK_long_long,10,166827,0.0032608630497461444,LPM,136,0.4983605771248059,0.24999881084389505,0.007689677147420331,0.04070151156730213,0.8501488248591282
English-UK,Thomas,UK_long_long,10,166827,0.0032608630497461444,Logit,136,0.4983605771248059,0.24999881084389505,-0.060441630379218445,0.014014517111629276,1.6120924673285093e-05
English-UK,Thomas,UK_long_long,10,166827,0.0032608630497461444,Continuous,136,0.12377565401131731,0.029719592587319498,0.0063381056370035455,0.010342931929383313,0.5400113433262423
English-UK,Thomas,UK_long_long,15,166827,0.0049812080778291285,LPM,136,0.5655259640226102,0.24570782086897025,-0.008498789919439389,0.05435102078774772,0.8757425313560597
English-UK,Thomas,UK_long_long,15,166827,0.0049812080778291285,Logit,136,0.5655259640226102,0.24570782086897025,-0.026719135623546404,0.01551920511481343,0.08512714533755582
English-UK,Thomas,UK_long_long,15,166827,0.0049812080778291285,Continuous,136,0.1207096919782816,0.025876069925132885,0.007700099210196802,0.010645824285208718,0.46949706382752066
English-UK,Thomas,UK_long_long,20,166827,0.006821437776858662,LPM,136,0.610458738693377,0.237800292476759,-0.025882571534006985,0.06060357759621518,0.6693211123648306
English-UK,Thomas,UK_long_long,20,166827,0.006821437776858662,Logit,136,0.610458738693377,0.237800292476759,0.002357925371566868,0.017667555829869393,0.8938289981271615
English-UK,Thomas,UK_long_long,20,166827,0.006821437776858662,Continuous,136,0.11890438240126495,0.023928405385199726,0.008597011373430295,0.011015102369594748,0.4351113718309969
English-NA-Pool,April,NA_other,3,667,0.0029985007496251873,LPM,59,0.41529235382308843,0.24318921620270953,0.001976661463951951,0.019690456187994223,0.920037265968301
English-NA-Pool,April,NA_other,3,667,0.0029985007496251873,Logit,59,0.41529235382308843,0.24318921620270953,-0.03229049747196122,0.16295849340055787,0.8429264000553682
English-NA-Pool,April,NA_other,3,667,0.0029985007496251873,Continuous,59,0.20539730134932535,0.0797038917978448,-0.010880833408195095,0.013119175207814058,0.40688717825828413
English-NA-Pool,April,NA_other,5,667,0.0074962518740629685,LPM,59,0.49775112443778113,0.25037031034032536,-0.008298134967009096,0.018401818253164778,0.6520320474205912
English-NA-Pool,April,NA_other,5,667,0.0074962518740629685,Logit,59,0.49775112443778113,0.25037031034032536,-0.2657738799760534,0.19111420399926704,0.1643301384112137
English-NA-Pool,April,NA_other,5,667,0.0074962518740629685,Continuous,59,0.19377811094452774,0.060655674415044734,-0.03254742594875319,0.012595147388693429,0.009762661370002557
English-NA-Pool,April,NA_other,7,667,0.014992503748125937,LPM,59,0.5562218890554723,0.2472097284690988,0.023786210703548916,0.020694715685646944,0.25039696540702594
English-NA-Pool,April,NA_other,7,667,0.014992503748125937,Logit,59,0.5562218890554723,0.2472097284690988,-0.09412184616407965,0.20498990582176985,0.6461238929193838
English-NA-Pool,April,NA_other,7,667,0.014992503748125937,Continuous,59,0.19189333904476333,0.05285759147453299,-0.02782945382639246,0.01226900756146483,0.023312596151326023
English-NA-Pool,April,NA_other,10,667,0.0239880059970015,LPM,59,0.6071964017991005,0.23886705296000652,0.04772751564761657,0.02028905105787139,0.018653812036194498
English-NA-Pool,April,NA_other,10,667,0.0239880059970015,Logit,59,0.6071964017991005,0.23886705296000652,0.038065820703642686,0.2413054863631963,0.8746541905469469
English-NA-Pool,April,NA_other,10,667,0.0239880059970015,Continuous,59,0.18635563170795555,0.04621764757603584,-0.02934905461812934,0.011624494046745955,0.011577741105916731
English-NA-Pool,April,NA_other,15,667,0.037481259370314844,LPM,59,0.671664167916042,0.22086254170212188,0.03930973717942449,0.014542193468382598,0.006868564406583238
English-NA-Pool,April,NA_other,15,667,0.037481259370314844,Logit,59,0.671664167916042,0.22086254170212188,-0.005821886123947282,0.3010311529796667,0.9845700238962019
English-NA-Pool,April,NA_other,15,667,0.037481259370314844,Continuous,59,0.1781319463478384,0.04003293583449296,-0.027647165870182427,0.010464383319983393,0.008241189046280267
English-NA-Pool,April,NA_other,20,667,0.041979010494752625,LPM,59,0.7076461769115442,0.20719370044707378,0.027417366520016917,0.017235245978000628,0.1116606378179244
English-NA-Pool,April,NA_other,20,667,0.041979010494752625,Logit,59,0.7076461769115442,0.20719370044707378,-0.4134739936444661,0.333569574694662,0.21514429463376716
English-NA-Pool,April,NA_other,20,667,0.041979010494752625,Continuous,59,0.17094179142529967,0.03552105753229628,-0.030859230999610576,0.009992350239026563,0.0020131492125497717
